episode,steps,reward,score,apples,two_apple_success,three_apple_success,epsilon,entropy,truncated
1,77,15.800000000000072,10,1,0,0,0.49975,1.2271709762254015,0
2,11,-1.3300000000000003,0,0,0,0,0.4995001250000001,1.2268125536417285,0
3,6,-24.86,0,0,0,0,0.4992503749375001,1.2264541438385852,0
4,11,1.0599999999999998,0,0,0,0,0.49900074975003134,1.2260957469481353,0
5,7,-24.51,0,0,0,0,0.49875124937515636,1.2257373631023147,0
6,12,-26.380000000000003,0,0,0,0,0.4985018737504688,1.2253789924328324,0
7,6,1.29,0,0,0,0,0.49825262281359356,1.2250206350711708,0
8,24,-22.14,0,0,0,0,0.4980034965021868,1.2246622911485863,0
9,18,2.8299999999999996,0,0,0,0,0.49775449475393574,1.2243039607961086,0
10,71,3.399999999999988,10,1,0,0,0.4975056175065588,1.2239456441445427,0
11,12,-24.73,0,0,0,0,0.49725686469780556,1.2235873413244671,0
12,59,27.28000000000006,10,1,0,0,0.4970082362654567,1.223229052466237,0
13,14,-29.89,0,0,0,0,0.496759732147324,1.2228707776999834,0
14,6,-24.86,0,0,0,0,0.4965113522812504,1.2225125171556104,0
15,33,32.370000000000054,10,1,0,0,0.49626309660510975,1.222154270962802,0
16,29,56.42000000000006,10,1,0,0,0.4960149650568072,1.2217960392510159,0
17,18,63.370000000000026,10,1,0,0,0.4957669575742788,1.2214378221494893,0
18,63,34.82000000000005,10,1,0,0,0.4955190740954917,1.2210796197872351,0
19,11,1.9299999999999997,0,0,0,0,0.495271314558444,1.2207214322930449,0
20,6,-23.1,0,0,0,0,0.4950236789011648,1.2203632597954879,0
21,6,-23.85,0,0,0,0,0.49477616706171423,1.220005102422912,0
22,19,-23.529999999999998,0,0,0,0,0.4945287789781834,1.219646960303444,0
23,87,-50.30000000000001,0,0,0,0,0.49428151458869435,1.21928883356499,0
24,12,38.21000000000001,10,1,0,0,0.49403437383140003,1.2189307223352357,0
25,11,-21.16,0,0,0,0,0.49378735664448437,1.218572626741647,0
26,34,41.00000000000002,10,1,0,0,0.49354046296616216,1.21821454691147,0
27,18,63.320000000000014,10,1,0,0,0.4932936927346791,1.2178564829717307,0
28,53,120.03999999999999,20,2,1,0,0.4930470458883118,1.217498435049237,0
29,13,2.2399999999999998,0,0,0,0,0.49280052236536764,1.2171404032705784,0
30,49,34.58000000000004,10,1,0,0,0.492554122104185,1.216782387762126,0
31,9,61.93000000000001,10,1,0,0,0.4923078450431329,1.2164243886500326,0
32,15,37.180000000000014,10,1,0,0,0.4920616911206114,1.216066406060234,0
33,20,35.43000000000003,10,1,0,0,0.4918156602750511,1.2157084401184484,0
34,84,118.08999999999995,20,2,1,0,0.4915697524449136,1.215350490950178,0
35,12,37.699999999999996,10,1,0,0,0.4913239675686911,1.2149925586807073,0
36,13,36.15000000000002,10,1,0,0,0.4910783055849068,1.2146346434351065,0
37,61,31.740000000000034,10,1,0,0,0.4908327664321144,1.2142767453382284,0
38,6,35.58000000000001,10,1,0,0,0.49058735004889836,1.2139188645147114,0
39,64,58.70000000000003,10,1,0,0,0.49034205637387396,1.2135610010889786,0
40,62,140.03,20,2,1,0,0.49009688534568707,1.2132031551852385,0
41,49,43.35000000000004,10,1,0,0,0.48985183690301426,1.2128453269274855,0
42,10,61.610000000000014,10,1,0,0,0.48960691098456277,1.2124875164394993,0
43,49,67.12000000000003,10,1,0,0,0.4893621075290705,1.2121297238448465,0
44,10,0.5599999999999998,0,0,0,0,0.489117426475306,1.2117719492668815,0
45,7,1.72,0,0,0,0,0.48887286776206834,1.211414192828744,0
46,58,108.56000000000009,20,2,1,0,0.48862843132818734,1.211056454653362,0
47,10,61.23000000000001,10,1,0,0,0.4883841171125233,1.2106987348634517,0
48,17,38.420000000000016,10,1,0,0,0.488139925053967,1.2103410335815166,0
49,9,-22.970000000000002,0,0,0,0,0.48789585509144007,1.2099833509298492,0
50,24,-20.17,0,0,0,0,0.4876519071638944,1.209625687030531,0
51,13,62.47000000000002,10,1,0,0,0.4874080812103125,1.209268042005432,0
52,49,57.46000000000003,10,1,0,0,0.48716437716970734,1.208910415976213,0
53,54,43.67000000000006,10,1,0,0,0.4869207949811225,1.208552809064323,0
54,33,-21.490000000000002,0,0,0,0,0.486677334583632,1.2081952213910023,0
55,12,38.57000000000001,10,1,0,0,0.4864339959163402,1.2078376530772819,0
56,9,63.61000000000001,10,1,0,0,0.486190778918382,1.2074801042439829,0
57,6,-23.75,0,0,0,0,0.48594768352892287,1.2071225750117187,0
58,60,34.84000000000003,10,1,0,0,0.48570470968715845,1.2067650655008932,0
59,56,156.7099999999999,20,2,1,0,0.4854618573323149,1.2064075758317032,0
60,18,64.59,10,1,0,0,0.4852191264036488,1.2060501061241367,0
61,10,2.23,0,0,0,0,0.48497651684044696,1.2056926564979749,0
62,7,36.95000000000001,10,1,0,0,0.48473402858202674,1.2053352270727928,0
63,9,1.85,0,0,0,0,0.48449166156773577,1.2049778179679567,0
64,17,35.47000000000001,10,1,0,0,0.4842494157369519,1.2046204293026288,0
65,19,62.99,10,1,0,0,0.48400729102908346,1.2042630611957637,0
66,7,61.32000000000001,10,1,0,0,0.48376528738356894,1.20390571376611,0
67,11,62.09000000000001,10,1,0,0,0.4835234047398772,1.2035483871322128,0
68,23,62.78000000000002,10,1,0,0,0.4832816430375073,1.2031910814124105,0
69,49,37.250000000000014,10,1,0,0,0.4830400022159886,1.202833796724837,0
70,8,38.21000000000001,10,1,0,0,0.48279848221488064,1.202476533187422,0
71,20,62.17000000000004,10,1,0,0,0.48255708297377325,1.2021192909178922,0
72,11,62.610000000000014,10,1,0,0,0.4823158044322864,1.201762070033769,0
73,18,37.69000000000003,10,1,0,0,0.48207464653007026,1.2014048706523712,0
74,13,38.27000000000002,10,1,0,0,0.48183360920680524,1.2010476928908145,0
75,8,1.6,0,0,0,0,0.48159269240220187,1.200690536866012,0
76,34,39.21000000000002,10,1,0,0,0.4813518960560008,1.200333402694674,0
77,12,37.52000000000001,10,1,0,0,0.48111122010797286,1.1999762904933093,0
78,18,63.69000000000001,10,1,0,0,0.4808706644979189,1.1996192003782242,0
79,61,125.90000000000003,20,2,1,0,0.48063022916566994,1.1992621324655244,0
80,9,37.69000000000001,10,1,0,0,0.4803899140510871,1.1989050868711142,0
81,8,36.93000000000001,10,1,0,0,0.48014971909406157,1.1985480637106969,0
82,39,36.22000000000007,10,1,0,0,0.47990964423451454,1.198191063099776,0
83,11,62.41000000000001,10,1,0,0,0.4796696894123973,1.1978340851536542,0
84,6,0.99,0,0,0,0,0.4794298545676911,1.1974771299874347,0
85,10,61.28000000000001,10,1,0,0,0.4791901396404073,1.1971201977160215,0
86,40,42.40000000000005,10,1,0,0,0.4789505445705871,1.1967632884541193,0
87,52,127.04999999999998,20,2,1,0,0.4787110692983018,1.1964064023162335,0
88,9,2.15,0,0,0,0,0.4784717137636527,1.1960495394166717,0
89,37,129.81000000000006,20,2,1,0,0.4782324779067709,1.1956926998695434,0
90,9,61.930000000000014,10,1,0,0,0.4779933616678176,1.1953358837887593,0
91,23,61.820000000000036,10,1,0,0,0.4777543649869837,1.1949790912880338,0
92,16,127.39000000000004,20,2,1,0,0.4775154878044902,1.1946223224808827,0
93,10,62.08000000000001,10,1,0,0,0.477276730060588,1.1942655774806268,0
94,53,39.560000000000024,10,1,0,0,0.4770380916955578,1.1939088564003884,0
95,10,1.3299999999999998,0,0,0,0,0.47679957264971,1.1935521593530947,0
96,29,65.92000000000002,10,1,0,0,0.4765611728633852,1.193195486451476,0
97,17,63.36000000000001,10,1,0,0,0.4763228922769535,1.1928388378080692,0
98,37,41.94000000000001,10,1,0,0,0.47608473083081504,1.1924822135352122,0
99,7,1.7200000000000002,0,0,0,0,0.4758466884653997,1.192125613745052,0
100,23,65.86,10,1,0,0,0.475608765121167,1.1917690385495379,0
101,50,157.67999999999998,20,2,1,0,0.47537096073860646,1.1914124880604258,0
102,13,37.270000000000024,10,1,0,0,0.4751332752582372,1.191055962389278,0
103,15,38.33000000000001,10,1,0,0,0.4748957086206081,1.1906994616474624,0
104,11,61.09000000000001,10,1,0,0,0.4746582607662978,1.1903429859461543,0
105,41,64.73000000000002,10,1,0,0,0.4744209316359147,1.1899865353963346,0
106,28,66.17999999999999,10,1,0,0,0.4741837211700968,1.1896301101087925,0
107,11,62.87000000000001,10,1,0,0,0.47394662930951176,1.1892737101941242,0
108,10,-23.19,0,0,0,0,0.47370965599485704,1.188917335762734,0
109,8,-24.04,0,0,0,0,0.47347280116685964,1.1885609869248341,0
110,63,46.010000000000005,10,1,0,0,0.4732360647662762,1.188204663790445,0
111,52,147.20999999999987,20,2,1,0,0.4729994467338931,1.1878483664693968,0
112,48,116.47,20,2,1,0,0.4727629470105262,1.187492095071327,0
113,17,36.26000000000002,10,1,0,0,0.47252656553702094,1.1871358497056843,0
114,15,37.130000000000024,10,1,0,0,0.47229030225425245,1.186779630481726,0
115,27,131.18000000000004,20,2,1,0,0.47205415710312537,1.1864234375085188,0
116,10,2.43,0,0,0,0,0.47181813002457385,1.1860672708949411,0
117,9,-22.91,0,0,0,0,0.4715822209595616,1.1857111307496817,0
118,9,63.39000000000001,10,1,0,0,0.4713464298490818,1.1853550171812384,0
119,10,61.01000000000001,10,1,0,0,0.4711107566341573,1.1849989302979225,0
120,11,61.960000000000015,10,1,0,0,0.47087520125584026,1.1846428702078553,0
121,11,1.06,0,0,0,0,0.4706397636552124,1.184286837018971,0
122,64,43.80000000000004,10,1,0,0,0.4704044437733848,1.1839308308390146,0
123,8,-23.2,0,0,0,0,0.47016924155149814,1.1835748517755444,0
124,11,62.41000000000001,10,1,0,0,0.46993415693072244,1.1832188999359314,0
125,44,127.19000000000001,20,2,1,0,0.4696991898522571,1.1828629754273592,0
126,32,153.73999999999992,20,2,1,0,0.469464340257331,1.1825070783568243,0
127,13,-22.470000000000002,0,0,0,0,0.4692296080872024,1.182151208831138,0
128,27,64.82000000000005,10,1,0,0,0.4689949932831588,1.1817953669569239,0
129,21,63.52000000000002,10,1,0,0,0.46876049578651724,1.1814395528406216,0
130,63,40.03000000000003,10,1,0,0,0.468526115538624,1.1810837665884832,0
131,43,126.07,20,2,1,0,0.4682918524808547,1.1807280083065774,0
132,38,154.44,20,2,1,0,0.4680577065546143,1.1803722781007866,0
133,27,-5.030000000000001,0,0,0,0,0.46782367770133704,1.180016576076809,0
134,18,62.48000000000001,10,1,0,0,0.4675897658624864,1.1796609023401592,0
135,23,34.51000000000003,10,1,0,0,0.46735597097955517,1.1793052569961664,0
136,11,-23.04,0,0,0,0,0.46712229299406544,1.1789496401499768,0
137,10,38.09000000000002,10,1,0,0,0.4668887318475684,1.1785940519065532,0
138,64,44.47000000000004,10,1,0,0,0.46665528748164464,1.1782384923706748,0
139,9,-22.29,0,0,0,0,0.46642195983790385,1.1778829616469384,0
140,33,65.60000000000001,10,1,0,0,0.46618874885798495,1.177527459839758,0
141,24,65.41000000000001,10,1,0,0,0.46595565448355597,1.177171987053365,0
142,51,66.63,10,1,0,0,0.4657226766563142,1.1768165433918094,0
143,41,152.61999999999995,20,2,1,0,0.4654898153179861,1.1764611289589588,0
144,58,114.01999999999987,20,2,1,0,0.46525707041032716,1.1761057438584999,0
145,7,36.95,10,1,0,0,0.46502444187512204,1.1757503881939377,0
146,43,68.41000000000003,10,1,0,0,0.46479192965418453,1.1753950620685971,0
147,25,41.89999999999998,10,1,0,0,0.4645595336893575,1.1750397655856217,0
148,9,-21.52,0,0,0,0,0.46432725392251284,1.1746844988479754,0
149,61,43.58000000000001,10,1,0,0,0.4640950902955516,1.1743292619584413,0
150,10,38.07000000000001,10,1,0,0,0.46386304275040385,1.1739740550196234,0
151,11,0.58,0,0,0,0,0.46339917970765343,1.1732635537045688,0
152,21,63.57000000000003,10,1,0,0,0.46293578052794576,1.172553173479918,0
153,58,71.34000000000006,10,1,0,0,0.4624728447474178,1.1718429151606715,0
154,14,63.350000000000016,10,1,0,0,0.46201037190267036,1.1711327795589792,0
155,60,47.26000000000005,10,1,0,0,0.46154836153076767,1.1704227674841485,0
156,58,43.47000000000001,10,1,0,0,0.4610868131692369,1.1697128797426535,0
157,15,3.5700000000000003,0,0,0,0,0.46062572635606763,1.1690031171381454,0
158,47,42.54000000000001,10,1,0,0,0.46016510062971155,1.1682934804714589,0
159,55,127.50000000000003,20,2,1,0,0.4597049355290818,1.1675839705406228,0
160,16,127.59000000000006,20,2,1,0,0.4592452305935527,1.1668745881408684,0
161,7,36.85000000000001,10,1,0,0,0.45878598536295917,1.1661653340646392,0
162,58,125.43999999999983,20,2,1,0,0.4583271993775962,1.165456209101597,0
163,13,62.00000000000002,10,1,0,0,0.4578688721782186,1.1647472140386346,0
164,61,44.06999999999999,10,1,0,0,0.45741100330604034,1.164038349659881,0
165,8,36.38000000000001,10,1,0,0,0.4569535923027343,1.1633296167467122,0
166,9,36.43000000000001,10,1,0,0,0.45649663871043156,1.1626210160777586,0
167,64,24.860000000000046,10,1,0,0,0.4560401420717211,1.161912548428915,0
168,63,48.23000000000002,10,1,0,0,0.4555841019296494,1.1612042145733479,0
169,19,38.45000000000003,10,1,0,0,0.45512851782771974,1.1604960152815043,0
170,54,131.85999999999996,20,2,1,0,0.45467338930989204,1.1597879513211211,0
171,9,2.0500000000000003,0,0,0,0,0.45421871592058216,1.1590800234572327,0
172,12,37.75000000000002,10,1,0,0,0.45376449720466155,1.1583722324521797,0
173,17,2.4699999999999998,0,0,0,0,0.45331073270745686,1.157664579065617,0
174,9,-22.39,0,0,0,0,0.45285742197474943,1.1569570640545246,0
175,7,61.50000000000001,10,1,0,0,0.45240456455277467,1.1562496881732107,0
176,51,131.89999999999992,20,2,1,0,0.4519521599882219,1.1555424521733257,0
177,9,62.28,10,1,0,0,0.4515002078282337,1.1548353568038676,0
178,11,61.680000000000014,10,1,0,0,0.45104870762040544,1.1541284028111904,0
179,59,70.32000000000004,10,1,0,0,0.450597658912785,1.1534215909390135,0
180,14,1.62,0,0,0,0,0.4501470612538722,1.1527149219284283,0
181,21,38.38000000000002,10,1,0,0,0.44969691419261837,1.152008396517908,0
182,8,36.45,10,1,0,0,0.44924721727842576,1.1513020154433145,0
183,68,69.42000000000002,10,1,0,0,0.44879797006114736,1.1505957794379074,0
184,12,38.85000000000001,10,1,0,0,0.4483491720910862,1.1498896892323518,0
185,12,37.55000000000002,10,1,0,0,0.44790082291899513,1.149183745554726,0
186,15,63.00000000000003,10,1,0,0,0.4474529220960761,1.1484779491305304,0
187,12,38.12000000000002,10,1,0,0,0.44700546917398004,1.1477723006826945,0
188,7,61.70000000000001,10,1,0,0,0.44655846370480606,1.147066800931586,0
189,61,44.14000000000006,10,1,0,0,0.4461119052411013,1.1463614505950173,0
190,18,155.25,20,2,1,0,0.4456657933358602,1.1456562503882548,0
191,8,-23.92,0,0,0,0,0.4452201275425243,1.1449512010240261,0
192,13,38.30000000000001,10,1,0,0,0.4447749074149818,1.1442463032125285,0
193,9,36.21000000000001,10,1,0,0,0.44433013250756687,1.1435415576614358,0
194,14,63.140000000000015,10,1,0,0,0.4438858023750593,1.1428369650759072,0
195,11,63.72000000000001,10,1,0,0,0.4434419165726843,1.1421325261585935,0
196,46,65.27999999999999,10,1,0,0,0.4429984746561116,1.1414282416096473,0
197,66,42.30000000000003,10,1,0,0,0.44255547618145546,1.1407241121267286,0
198,34,123.44000000000005,20,2,1,0,0.442112920705274,1.1400201384050135,0
199,59,33.63000000000001,10,1,0,0,0.44167080778456874,1.1393163211372013,0
200,24,153.79000000000002,20,2,1,0,0.4412291369767842,1.138612661013523,0
201,67,40.37000000000003,10,1,0,0,0.44078790783980737,1.137909158721748,0
202,9,36.96000000000001,10,1,0,0,0.44034711993196757,1.1372058149471924,0
203,14,36.17000000000002,10,1,0,0,0.4399067728120356,1.1365026303727261,0
204,12,-23.060000000000002,0,0,0,0,0.4394668660392236,1.1357996056787796,0
205,12,153.52000000000004,20,2,1,0,0.43902739917318434,1.1350967415433544,0
206,34,119.71000000000004,20,2,1,0,0.43858837177401117,1.1343940386420264,0
207,10,60.7,10,1,0,0,0.43814978340223715,1.133691497647957,0
208,14,37.47000000000003,10,1,0,0,0.4377116336188349,1.1329891192318982,0
209,7,63.38,10,1,0,0,0.4372739219852161,1.1322869040622001,0
210,66,37.88000000000005,10,1,0,0,0.43683664806323086,1.131584852804821,0
211,23,40.36000000000003,10,1,0,0,0.43639981141516765,1.1308829661233302,0
212,69,133.85,20,2,1,0,0.43596341160375246,1.1301812446789194,0
213,13,38.08000000000001,10,1,0,0,0.4355274481921487,1.1294796891304082,0
214,9,63.010000000000005,10,1,0,0,0.4350919207439566,1.1287783001342513,0
215,19,3.8600000000000003,0,0,0,0,0.4346568288232126,1.128077078344546,0
216,23,-22.52,0,0,0,0,0.4342221719943894,1.1273760244130395,0
217,10,62.26000000000001,10,1,0,0,0.433787949822395,1.1266751389891363,0
218,53,132.19999999999993,20,2,1,0,0.4333541618725726,1.1259744227199047,0
219,12,-21.26,0,0,0,0,0.4329208077107,1.1252738762500847,0
220,63,50.940000000000026,10,1,0,0,0.43248788690298934,1.1245735002220945,0
221,18,37.940000000000026,10,1,0,0,0.43205539901608636,1.1238732952760377,0
222,51,127.76999999999998,20,2,1,0,0.4316233436170703,1.1231732620497112,0
223,67,33.24000000000002,10,1,0,0,0.4311917202734532,1.1224734011786108,0
224,9,-23.04,0,0,0,0,0.43076052855317976,1.12177371329594,0
225,11,0.5799999999999998,0,0,0,0,0.4303297680246266,1.1210741990326145,0
226,62,40.969999999999985,10,1,0,0,0.42989943825660193,1.1203748590172722,0
227,21,151.33,20,2,1,0,0.4294695388183453,1.119675693876277,0
228,64,68.69000000000007,10,1,0,0,0.429040069279527,1.118976704233729,0
229,52,131.37999999999997,20,2,1,0,0.42861102921024746,1.1182778907114685,0
230,15,152.33,20,2,1,0,0.4281824181810372,1.1175792539290847,0
231,55,126.26999999999995,20,2,1,0,0.42775423576285615,1.1168807945039214,0
232,63,39.08000000000001,10,1,0,0,0.4273264815270933,1.116182513051085,0
233,10,62.180000000000014,10,1,0,0,0.4268991550455662,1.11548441018345,0
234,9,61.65000000000001,10,1,0,0,0.4264722558905206,1.114786486511667,0
235,9,63.760000000000005,10,1,0,0,0.4260457836346301,1.1140887426441681,0
236,28,33.13000000000001,10,1,0,0,0.42561973785099544,1.1133911791871756,0
237,34,65.90999999999997,10,1,0,0,0.42519411811314445,1.1126937967447061,0
238,11,2.56,0,0,0,0,0.4247689239950313,1.1119965959185798,0
239,56,64.82000000000001,10,1,0,0,0.4243441550710363,1.1112995773084255,0
240,13,2.95,0,0,0,0,0.42391981091596526,1.1106027415116877,0
241,41,158.23000000000002,20,2,1,0,0.4234958911050493,1.1099060891236325,0
242,14,62.80000000000001,10,1,0,0,0.42307239521394424,1.109209620737356,0
243,24,41.15999999999998,10,1,0,0,0.4226493228187303,1.1085133369437894,0
244,27,122.80000000000001,20,2,1,0,0.4222266734959116,1.1078172383317055,0
245,11,37.110000000000014,10,1,0,0,0.4218044468224157,1.107121325487726,0
246,11,152.46000000000004,20,2,1,0,0.42138264237559325,1.1064255989963276,0
247,7,35.85000000000001,10,1,0,0,0.4209612597332177,1.1057300594398483,0
248,67,44.02000000000008,10,1,0,0,0.42054029847348445,1.1050347073984939,0
249,22,39.430000000000035,10,1,0,0,0.42011975817501096,1.1043395434503451,0
250,78,70.65999999999991,20,2,1,0,0.41969963841683594,1.1036445681713634,0
251,21,121.80999999999995,20,2,1,0,0.4192799387784191,1.1029497821353964,0
252,64,37.72000000000001,10,1,0,0,0.4188606588396407,1.1022551859141865,0
253,21,36.40000000000002,10,1,0,0,0.4184417981808011,1.1015607800773757,0
254,22,155.74000000000004,20,2,1,0,0.4180233563826203,1.1008665651925114,0
255,50,158.72999999999993,20,2,1,0,0.41760533302623765,1.1001725418250543,0
256,12,1.1599999999999997,0,0,0,0,0.4171877276932114,1.0994787105383839,0
257,63,68.46000000000005,10,1,0,0,0.41677053996551816,1.0987850718938041,0
258,7,36.500000000000014,10,1,0,0,0.41635376942555263,1.0980916264505507,0
259,19,63.95000000000002,10,1,0,0,0.4159374156561271,1.0973983747657967,0
260,14,3.7199999999999998,0,0,0,0,0.4155214782404709,1.0967053173946586,0
261,24,155.48999999999998,20,2,1,0,0.41510595676223044,1.0960124548902033,0
262,6,36.60000000000001,10,1,0,0,0.4146908508054682,1.095319787803453,0
263,37,64.79999999999998,10,1,0,0,0.4142761599546627,1.0946273166833924,0
264,53,129.70000000000002,20,2,1,0,0.41386188379470806,1.093935042076975,0
265,53,31.840000000000014,10,1,0,0,0.41344802191091334,1.0932429645291268,0
266,60,69.40000000000002,10,1,0,0,0.41303457388900244,1.0925510845827564,0
267,13,-22.41,0,0,0,0,0.4126215393151134,1.0918594027787576,0
268,24,154.86999999999998,20,2,1,0,0.4122089177757983,1.0911679196560164,0
269,19,40.120000000000026,10,1,0,0,0.4117967088580225,1.0904766357514184,0
270,62,45.16000000000001,10,1,0,0,0.41138491214916445,1.0897855515998522,0
271,9,37.610000000000014,10,1,0,0,0.4109735272370153,1.0890946677342184,0
272,13,-22.900000000000002,0,0,0,0,0.4105625537097783,1.0884039846854323,0
273,8,37.53000000000001,10,1,0,0,0.4101519911560685,1.0877135029824327,0
274,62,42.59000000000002,10,1,0,0,0.4097418391649124,1.0870232231521864,0
275,13,33.90000000000001,10,1,0,0,0.4093320973257475,1.0863331457196936,0
276,25,-23.54,0,0,0,0,0.40892276522842175,1.085643271207995,0
277,10,0.58,0,0,0,0,0.40851384246319333,1.084953600138177,0
278,31,-20.450000000000003,0,0,0,0,0.4081053286207301,1.0842641330293772,0
279,53,43.290000000000006,10,1,0,0,0.4076972232921094,1.083574870398791,0
280,12,38.87000000000001,10,1,0,0,0.4072895260688173,1.0828858127616776,0
281,60,47.070000000000036,10,1,0,0,0.40688223654274847,1.0821969606313633,0
282,10,61.01000000000001,10,1,0,0,0.40647535430620574,1.081508314519251,0
283,46,131.50999999999996,20,2,1,0,0.4060688789518995,1.0808198749348228,0
284,53,129.74999999999997,20,2,1,0,0.40566281007294763,1.0801316423856477,0
285,60,70.18000000000005,10,1,0,0,0.4052571472628747,1.079443617377386,0
286,10,-23.92,0,0,0,0,0.40485189011561185,1.0787558004137956,0
287,18,60.39000000000002,10,1,0,0,0.4044470382254962,1.0780681919967374,0
288,65,45.18000000000002,10,1,0,0,0.4040425911872707,1.0773807926261818,0
289,62,41.72999999999999,10,1,0,0,0.40363854859608345,1.0766936028002128,0
290,18,127.21999999999997,20,2,1,0,0.40323491004748735,1.0760066230150345,0
291,60,42.170000000000016,10,1,0,0,0.40283167513743984,1.0753198537649769,0
292,9,62.13000000000002,10,1,0,0,0.4024288434623024,1.0746332955425004,0
293,47,40.28000000000001,10,1,0,0,0.4020264146188401,1.0739469488382027,0
294,45,65.66999999999997,10,1,0,0,0.40162438820422125,1.0732608141408237,0
295,51,158.30999999999997,20,2,1,0,0.401222763816017,1.0725748919372504,0
296,21,66.04999999999998,10,1,0,0,0.40082154105220097,1.0718891827125236,0
297,13,151.99,20,2,1,0,0.40042071951114877,1.071203686949842,0
298,55,68.62000000000002,10,1,0,0,0.40002029879163764,1.0705184051305692,0
299,16,63.46000000000001,10,1,0,0,0.399620278492846,1.069833337734237,0
300,14,-22.41,0,0,0,0,0.39922065821435315,1.0691484852385538,0
301,22,129.17000000000002,20,2,1,0,0.3988214375561388,1.0684638481194064,0
302,29,36.69000000000001,10,1,0,0,0.39842261611858265,1.0677794268508696,0
303,15,2.87,0,0,0,0,0.39802419350246404,1.0670952219052063,0
304,7,1.7200000000000002,0,0,0,0,0.39762616930896155,1.0664112337528784,0
305,56,129.59,20,2,1,0,0.3972285431396526,1.0657274628625482,0
306,30,41.44999999999999,10,1,0,0,0.39683131459651294,1.0650439097010849,0
307,45,39.940000000000026,10,1,0,0,0.39643448328191644,1.06436057473357,0
308,43,67.83999999999996,10,1,0,0,0.3960380487986345,1.0636774584233035,0
309,12,-25.880000000000003,0,0,0,0,0.3956420107498359,1.0629945612318068,0
310,12,39.80000000000001,10,1,0,0,0.3952463687390861,1.0623118836188303,0
311,16,38.33000000000002,10,1,0,0,0.394851122370347,1.061629426042357,0
312,29,62.88,10,1,0,0,0.3944562712479766,1.060947188958609,0
313,12,38.97000000000001,10,1,0,0,0.39406181497672865,1.0602651728220516,0
314,27,63.76000000000004,10,1,0,0,0.3936677531617519,1.0595833780853987,0
315,15,64.40000000000002,10,1,0,0,0.39327408540859016,1.0589018051996184,0
316,16,62.04000000000001,10,1,0,0,0.3928808113231816,1.058220454613938,0
317,8,-22.880000000000003,0,0,0,0,0.39248793051185843,1.0575393267758488,0
318,26,39.74000000000001,10,1,0,0,0.3920954425813466,1.056858422131111,0
319,12,39.980000000000004,10,1,0,0,0.39170334713876526,1.05617774112376,0
320,18,39.640000000000015,10,1,0,0,0.3913116437916265,1.05549728419611,0
321,28,66.01,10,1,0,0,0.39092033214783484,1.05481705178876,0
322,48,32.860000000000014,10,1,0,0,0.390529411815687,1.0541370443405982,0
323,27,64.89000000000003,10,1,0,0,0.39013888240387135,1.0534572622888072,0
324,27,156.64999999999998,20,2,1,0,0.3897487435214675,1.0527777060688697,0
325,25,42.31999999999998,10,1,0,0,0.389358994777946,1.0520983761145724,0
326,22,38.98000000000001,10,1,0,0,0.38896963578316807,1.0514192728580116,0
327,49,131.39999999999995,20,2,1,0,0.3885806661473849,1.0507403967295983,0
328,46,573.5799999999999,30,3,1,1,0.3881920854812375,1.050061748158062,0
329,9,151.08,20,2,1,0,0.38780389339575627,1.0493833275704578,0
330,13,-22.85,0,0,0,0,0.3874160895023605,1.0487051353921688,0
331,24,-19.81,0,0,0,0,0.3870286734128581,1.0480271720469125,0
332,32,37.10000000000004,10,1,0,0,0.3866416447394453,1.0473494379567456,0
333,60,35.35000000000002,10,1,0,0,0.38625500309470584,1.0466719335420687,0
334,14,61.77000000000002,10,1,0,0,0.38586874809161115,1.04599465922163,0
335,10,1.78,0,0,0,0,0.38548287934351955,1.0453176154125328,0
336,12,35.55000000000001,10,1,0,0,0.385097396464176,1.0446408025302365,0
337,14,-28.520000000000003,0,0,0,0,0.3847122990677118,1.0439642209885656,0
338,13,38.57000000000001,10,1,0,0,0.3843275867686441,1.0432878711997113,0
339,39,131.58000000000004,20,2,1,0,0.38394325918187544,1.0426117535742379,0
340,23,39.580000000000034,10,1,0,0,0.38355931592269354,1.0419358685210862,0
341,18,39.42000000000002,10,1,0,0,0.38317575660677083,1.0412602164475802,0
342,7,62.45,10,1,0,0,0.38279258085016404,1.0405847977594298,0
343,44,138.02,20,2,1,0,0.3824097882693139,1.0399096128607366,0
344,14,38.13000000000001,10,1,0,0,0.38202737848104457,1.0392346621539987,0
345,9,-0.57,10,1,0,0,0.38164535110256353,1.0385599460401145,0
346,24,129.51999999999998,20,2,1,0,0.38126370575146096,1.0378854649183884,0
347,55,132.48999999999998,20,2,1,0,0.3808824420457095,1.0372112191865344,0
348,25,66.36000000000001,10,1,0,0,0.3805015596036638,1.0365372092406815,0
349,45,133.69999999999996,20,2,1,0,0.3801210580440601,1.035863435475378,0
350,21,129.08,20,2,1,0,0.379740936986016,1.0351898982835965,0
351,14,38.68000000000001,10,1,0,0,0.37936119604903,1.0345165980567377,0
352,16,128.81000000000003,20,2,1,0,0.378981834852981,1.0338435351846353,0
353,47,132.13,20,2,1,0,0.378602853018128,1.0331707100555616,0
354,23,65.16000000000001,10,1,0,0,0.3782242501651099,1.0324981230562293,0
355,48,579.17,30,3,1,1,0.3778460259149448,1.0318257745717996,0
356,19,147.37999999999997,20,2,1,0,0.37746817988902986,1.0311536649858843,0
357,49,155.71,20,2,1,0,0.3770907117091408,1.0304817946805502,0
358,9,1.6499999999999997,0,0,0,0,0.37671362099743166,1.0298101640363257,0
359,23,130.39000000000001,20,2,1,0,0.3763369073764342,1.0291387734322024,0
360,53,128.7,20,2,1,0,0.3759605704690578,1.0284676232456422,0
361,62,37.23000000000005,10,1,0,0,0.3755846098985887,1.0277967138525794,0
362,50,37.86000000000003,10,1,0,0,0.3752090252886901,1.0271260456274276,0
363,28,41.56,10,1,0,0,0.3748338162634014,1.0264556189430811,0
364,10,62.31000000000001,10,1,0,0,0.374458982447138,1.0257854341709232,0
365,19,40.54999999999999,10,1,0,0,0.37408452346469084,1.0251154916808263,0
366,16,37.46000000000001,10,1,0,0,0.37371043894122613,1.0244457918411591,0
367,8,62.38000000000001,10,1,0,0,0.3733367285022849,1.0237763350187905,0
368,44,43.67,10,1,0,0,0.3729633917737826,1.023107121579093,0
369,16,38.01000000000002,10,1,0,0,0.37259042838200884,1.0224381518859482,0
370,10,37.510000000000005,10,1,0,0,0.37221783795362684,1.02176942630175,0
371,51,128.89,20,2,1,0,0.37184562011567324,1.0211009451874098,0
372,18,38.94000000000002,10,1,0,0,0.3714737744955576,1.0204327089023606,0
373,53,131.71000000000004,20,2,1,0,0.37110230072106204,1.0197647178045606,0
374,38,156.45999999999998,20,2,1,0,0.37073119842034097,1.0190969722504983,0
375,9,35.760000000000005,10,1,0,0,0.3703604672219206,1.0184294725951961,0
376,28,155.48000000000002,20,2,1,0,0.3699901067546987,1.0177622191922155,0
377,30,131.48999999999995,20,2,1,0,0.369620116647944,1.01709521239366,0
378,49,32.17000000000001,10,1,0,0,0.36925049653129605,1.0164284525501803,0
379,12,-22.810000000000002,0,0,0,0,0.36888124603476474,1.0157619400109779,0
380,12,60.92000000000001,10,1,0,0,0.36851236478872995,1.0150956751238092,0
381,55,41.189999999999955,10,1,0,0,0.3681438524239412,1.0144296582349912,0
382,50,130.89999999999995,20,2,1,0,0.36777570857151726,1.0137638896894037,0
383,55,63.140000000000036,10,1,0,0,0.36740793286294576,1.0130983698304936,0
384,29,41.349999999999994,10,1,0,0,0.3670405249300828,1.0124330990002806,0
385,69,115.9499999999999,20,2,1,0,0.36667348440515274,1.0117680775393598,0
386,53,132.37,20,2,1,0,0.36630681092074757,1.0111033057869063,0
387,53,45.040000000000035,10,1,0,0,0.3659405041098268,1.0104387840806797,0
388,51,130.8,20,2,1,0,0.365574563605717,1.0097745127570275,0
389,32,37.01000000000002,10,1,0,0,0.3652089890421113,1.0091104921508895,0
390,26,39.310000000000024,10,1,0,0,0.36484378005306917,1.0084467225958014,0
391,11,-24.84,0,0,0,0,0.3644789362730161,1.0077832044238997,0
392,28,61.49000000000003,10,1,0,0,0.3641144573367431,1.0071199379659257,0
393,46,69.89999999999998,10,1,0,0,0.36375034287940633,1.006456923551228,0
394,10,63.290000000000006,10,1,0,0,0.36338659253652694,1.0057941615077686,0
395,12,38.55000000000001,10,1,0,0,0.3630232059439904,1.0051316521621247,0
396,46,156.44999999999993,20,2,1,0,0.3626601827380464,1.0044693958394952,0
397,57,154.73999999999998,20,2,1,0,0.36229752255530834,1.0038073928637021,0
398,57,45.23000000000001,10,1,0,0,0.36193522503275305,1.0031456435571964,0
399,15,63.73000000000002,10,1,0,0,0.3615732898077203,1.0024841482410607,0
400,64,127.66999999999999,20,2,1,0,0.36121171651791256,1.001822907235014,0
401,13,62.45,10,1,0,0,0.36085050480139463,1.0011619208574158,0
402,31,63.90000000000004,10,1,0,0,0.36048965429659324,1.0005011894252689,0
403,69,56.88,10,1,0,0,0.36012916464229666,0.9998407132542235,0
404,52,160.84999999999994,20,2,1,0,0.3597690354776544,0.9991804926585828,0
405,39,43.28999999999996,10,1,0,0,0.35940926644217674,0.9985205279513041,0
406,15,37.93000000000001,10,1,0,0,0.35904985717573457,0.9978608194440051,0
407,47,581.3299999999999,30,3,1,1,0.35869080731855885,0.9972013674469663,0
408,15,128.42999999999998,20,2,1,0,0.3583321165112403,0.9965421722691359,0
409,55,133.41999999999996,20,2,1,0,0.35797378439472904,0.9958832342181315,0
410,29,66.91999999999999,10,1,0,0,0.3576158106103343,0.9952245536002473,0
411,54,131.47000000000006,20,2,1,0,0.357258194799724,0.9945661307204545,0
412,46,131.8,20,2,1,0,0.3569009366049243,0.9939079658824075,0
413,9,0.27999999999999997,10,1,0,0,0.3565440356683194,0.9932500593884459,0
414,25,150.43999999999997,20,2,1,0,0.35618749163265107,0.9925924115396001,0
415,11,-23.17,0,0,0,0,0.35583130414101843,0.9919350226355932,0
416,27,2.5599999999999996,0,0,0,0,0.3554754728368774,0.9912778929748463,0
417,16,39.07000000000002,10,1,0,0,0.35511999736404054,0.9906210228544804,0
418,29,42.939999999999976,10,1,0,0,0.3547648773666765,0.9899644125703224,0
419,28,42.01000000000001,10,1,0,0,0.3544101124893098,0.9893080624169072,0
420,58,45.29999999999998,10,1,0,0,0.3540557023768205,0.9886519726874818,0
421,62,41.84999999999998,10,1,0,0,0.35370164667444365,0.9879961436740086,0
422,19,39.15000000000002,10,1,0,0,0.35334794502776923,0.9873405756671702,0
423,12,38.00000000000001,10,1,0,0,0.35299459708274145,0.9866852689563719,0
424,14,60.320000000000014,10,1,0,0,0.3526416024856587,0.9860302238297456,0
425,61,579.3199999999999,30,3,1,1,0.352288960883173,0.9853754405741538,0
426,47,564.2299999999998,30,3,1,1,0.35193667192228983,0.9847209194751932,0
427,7,152.64999999999998,20,2,1,0,0.35158473525036754,0.9840666608171982,0
428,61,44.49999999999997,10,1,0,0,0.35123315051511717,0.9834126648832435,0
429,22,130.73999999999995,20,2,1,0,0.35088191736460206,0.98275893195515,0
430,42,132.39000000000001,20,2,1,0,0.35053103544723746,0.9821054623134859,0
431,20,155.98000000000002,30,3,1,1,0.3501805044117902,0.981452256237572,0
432,56,159.89999999999998,20,2,1,0,0.34983032390737845,0.9807993140054846,0
433,45,65.74000000000001,10,1,0,0,0.34948049358347105,0.9801466358940583,0
434,45,133.60000000000002,20,2,1,0,0.3491310130898876,0.9794942221788915,0
435,14,61.97000000000001,10,1,0,0,0.3487818820767977,0.9788420731343478,0
436,50,132.0,20,2,1,0,0.3484331001947209,0.9781901890335611,0
437,62,42.72999999999999,10,1,0,0,0.3480846670945262,0.9775385701484378,0
438,10,63.43000000000001,10,1,0,0,0.34773658242743166,0.9768872167496621,0
439,23,62.82000000000003,10,1,0,0,0.34738884584500423,0.9762361291066965,0
440,27,128.07999999999996,20,2,1,0,0.3470414569991592,0.9755853074877889,0
441,43,66.90000000000005,10,1,0,0,0.3466944155421601,0.974934752159973,0
442,58,131.71999999999994,20,2,1,0,0.34634772112661794,0.974284463389074,0
443,24,153.51,20,2,1,0,0.3460013734054913,0.9736344414397108,0
444,27,63.76000000000003,10,1,0,0,0.3456553720320858,0.9729846865752987,0
445,16,63.760000000000026,10,1,0,0,0.3453097166600537,0.9723351990580553,0
446,13,1.0399999999999998,0,0,0,0,0.34496440694339364,0.9716859791490013,0
447,16,36.83000000000002,10,1,0,0,0.34461944253645027,0.971037027107966,0
448,11,0.10999999999999999,0,0,0,0,0.34427482309391383,0.9703883431935889,0
449,26,128.92000000000004,20,2,1,0,0.3439305482708199,0.9697399276633238,0
450,40,126.94000000000003,20,2,1,0,0.3435866177225491,0.9690917807734432,0
451,67,39.10000000000004,10,1,0,0,0.34324303110482657,0.9684439027790397,0
452,23,38.10000000000003,10,1,0,0,0.34289978807372173,0.9677962939340312,0
453,25,38.040000000000035,10,1,0,0,0.342556888285648,0.9671489544911626,0
454,26,64.18000000000004,10,1,0,0,0.34221433139736235,0.9665018847020106,0
455,47,132.38000000000002,20,2,1,0,0.341872117065965,0.965855084816986,0
456,17,129.82000000000005,20,2,1,0,0.341530244948899,0.9652085550853378,0
457,14,37.84000000000001,10,1,0,0,0.3411887147039501,0.9645622957551553,0
458,6,36.5,10,1,0,0,0.34084752598924617,0.9639163070733725,0
459,52,156.69000000000003,20,2,1,0,0.34050667846325694,0.9632705892857717,0
460,63,42.32999999999999,10,1,0,0,0.3401661717847937,0.9626251426369853,0
461,11,62.140000000000015,10,1,0,0,0.3398260056130089,0.9619799673704995,0
462,15,63.02000000000002,10,1,0,0,0.3394861796073959,0.9613350637286593,0
463,48,581.0099999999999,30,3,1,1,0.3391466934277885,0.960690431952669,0
464,10,62.76000000000001,10,1,0,0,0.33880754673436075,0.9600460722825974,0
465,28,129.25999999999996,20,2,1,0,0.3384687391876264,0.9594019849573803,0
466,61,573.4599999999998,30,3,1,1,0.33813027044843874,0.9587581702148241,0
467,9,151.83,20,2,1,0,0.3377921401779903,0.9581146282916082,0
468,11,-23.06,0,0,0,0,0.3374543480378123,0.9574713594232891,0
469,41,155.80000000000004,20,2,1,0,0.3371168936897745,0.9568283638443027,0
470,11,62.140000000000015,10,1,0,0,0.33677977679608473,0.9561856417879688,0
471,8,-22.779999999999998,0,0,0,0,0.33644299701928865,0.9555431934864926,0
472,39,134.23000000000005,20,2,1,0,0.33610655402226935,0.9549010191709693,0
473,9,36.94000000000001,10,1,0,0,0.3357704474682471,0.9542591190713858,0
474,13,127.91000000000003,20,2,1,0,0.33543467702077884,0.9536174934166257,0
475,11,-21.810000000000002,0,0,0,0,0.33509924234375804,0.9529761424344709,0
476,14,-21.52,0,0,0,0,0.3347641431014143,0.952335066351605,0
477,48,577.38,30,3,1,1,0.3344293789583129,0.9516942653936168,0
478,8,61.62000000000001,10,1,0,0,0.33409494957935454,0.9510537397850032,0
479,11,-21.73,0,0,0,0,0.33376085462977517,0.9504134897491727,0
480,12,61.070000000000014,10,1,0,0,0.3334270937751454,0.9497735155084476,0
481,28,128.87999999999997,20,2,1,0,0.33309366668137025,0.9491338172840674,0
482,24,60.37000000000001,10,1,0,0,0.33276057301468887,0.9484943952961926,0
483,29,66.89,10,1,0,0,0.3324278124416742,0.9478552497639067,0
484,51,129.55000000000007,20,2,1,0,0.3320953846292325,0.9472163809052199,0
485,11,37.87000000000002,10,1,0,0,0.33176328924460324,0.9465777889370718,0
486,10,37.04000000000001,10,1,0,0,0.33143152595535863,0.9459394740753352,0
487,25,63.98000000000003,10,1,0,0,0.33110009442940325,0.9453014365348176,0
488,23,130.49,20,2,1,0,0.33076899433497386,0.9446636765292655,0
489,59,130.01999999999987,20,2,1,0,0.3304382253406389,0.9440261942713672,0
490,54,125.40999999999997,20,2,1,0,0.33010778711529826,0.9433889899727557,0
491,25,-20.93,0,0,0,0,0.32977767932818297,0.9427520638440108,0
492,88,139.6199999999999,20,2,1,0,0.3294479016488548,0.9421154160946636,0
493,11,1.43,0,0,0,0,0.32911845374720594,0.9414790469331983,0
494,56,43.46000000000002,10,1,0,0,0.3287893352934587,0.940842956567056,0
495,18,63.010000000000026,10,1,0,0,0.32846054595816526,0.9402071452026364,0
496,28,129.56000000000003,20,2,1,0,0.3281320854122071,0.9395716130453029,0
497,48,156.35000000000002,30,3,1,1,0.3278039533267949,0.9389363602993827,0
498,51,129.44000000000003,20,2,1,0,0.3274761493734681,0.9383013871681725,0
499,25,150.49,20,2,1,0,0.32714867322409463,0.9376666938539393,0
500,49,135.67999999999995,20,2,1,0,0.32682152455087055,0.9370322805579241,0
501,19,154.72000000000003,20,2,1,0,0.32649470302631967,0.9363981474803456,0
502,33,-23.39,0,0,0,0,0.32616820832329335,0.9357642948204012,0
503,13,62.45000000000001,10,1,0,0,0.32584204011497003,0.9351307227762722,0
504,9,61.33000000000001,10,1,0,0,0.32551619807485505,0.9344974315451244,0
505,27,128.8,20,2,1,0,0.3251906818767802,0.9338644213231125,0
506,64,44.19000000000004,10,1,0,0,0.3248654911949034,0.9332316923053832,0
507,53,136.34,20,2,1,0,0.32454062570370845,0.9325992446860754,0
508,14,36.360000000000014,10,1,0,0,0.32421608507800476,0.9319670786583267,0
509,13,35.67,10,1,0,0,0.32389186899292677,0.9313351944142745,0
510,67,151.3899999999999,20,2,1,0,0.3235679771239338,0.9307035921450572,0
511,32,42.420000000000044,10,1,0,0,0.3232444091468099,0.9300722720408201,0
512,46,133.86999999999995,20,2,1,0,0.3229211647376631,0.9294412342907166,0
513,64,129.1499999999999,20,2,1,0,0.32259824357292544,0.9288104790829105,0
514,18,61.97000000000002,10,1,0,0,0.3222756453293525,0.9281800066045796,0
515,21,39.09000000000003,10,1,0,0,0.32195336968402316,0.9275498170419185,0
516,48,133.63,20,2,1,0,0.3216314163143391,0.9269199105801414,0
517,9,-21.74,0,0,0,0,0.32130978489802475,0.926290287403484,0
518,52,136.27999999999997,20,2,1,0,0.3209884751131267,0.9256609476952072,0
519,16,37.18000000000001,10,1,0,0,0.3206674866380136,0.9250318916375996,0
520,63,40.63000000000001,10,1,0,0,0.3203468191513756,0.9244031194119804,0
521,49,152.86999999999992,20,2,1,0,0.3200264723322242,0.9237746311987007,0
522,8,-22.53,0,0,0,0,0.319706445859892,0.9231464271771493,0
523,56,129.60999999999996,20,2,1,0,0.3193867394140321,0.9225185075257524,0
524,63,572.5699999999999,30,3,1,1,0.3190673526746181,0.9218908724219772,0
525,69,121.96999999999967,20,2,1,0,0.3187482853219435,0.9212635220423356,0
526,25,61.890000000000036,10,1,0,0,0.3184295370366215,0.9206364565623857,0
527,118,144.6899999999998,20,2,1,0,0.3181111074995849,0.9200096761567356,0
528,53,128.92999999999992,20,2,1,0,0.3177929963920853,0.919383180999044,0
529,58,160.55999999999992,20,2,1,0,0.31747520339569324,0.9187569712620258,0
530,55,157.14999999999995,20,2,1,0,0.31715772819229754,0.9181310471174526,0
531,122,166.19999999999985,20,2,1,0,0.31684057046410524,0.9175054087361558,0
532,41,152.76999999999992,20,2,1,0,0.31652372989364114,0.9168800562880299,0
533,44,134.93,20,2,1,0,0.3162072061637475,0.9162549899420338,0
534,9,61.75000000000001,10,1,0,0,0.3158909989575837,0.9156302098661959,0
535,30,130.17999999999995,20,2,1,0,0.31557510795862614,0.9150057162276136,0
536,50,579.81,30,3,1,1,0.31525953285066755,0.9143815091924583,0
537,64,157.6099999999999,20,2,1,0,0.3149442733178169,0.9137575889259767,0
538,9,151.96,20,2,1,0,0.3146293290444991,0.9131339555924941,0
539,38,133.72999999999996,20,2,1,0,0.31431469971545456,0.912510609355417,0
540,71,43.170000000000044,10,1,0,0,0.3140003850157391,0.911887550377235,0
541,29,153.6,20,2,1,0,0.3136863846307234,0.9112647788195242,0
542,48,132.5899999999999,20,2,1,0,0.31337269824609265,0.9106422948429488,0
543,50,136.1099999999999,20,2,1,0,0.31305932554784655,0.9100200986072651,0
544,51,135.21999999999997,20,2,1,0,0.3127462662222987,0.9093981902713226,0
545,41,131.04999999999995,20,2,1,0,0.3124335199560764,0.9087765699930676,0
546,8,127.31,20,2,1,0,0.3121210864361203,0.908155237929545,0
547,58,149.60999999999996,20,2,1,0,0.31180896534968416,0.907534194236901,0
548,24,152.39000000000001,20,2,1,0,0.3114971563843345,0.9069134390703864,0
549,27,115.63000000000001,20,2,1,0,0.31118565922795016,0.9062929725843575,0
550,50,157.51999999999998,20,2,1,0,0.3108744735687222,0.9056727949322811,0
551,23,62.900000000000006,10,1,0,0,0.3105635990951535,0.905052906266734,0
552,10,0.26,0,0,0,0,0.31025303549605837,0.9044333067394075,0
553,48,132.93999999999994,20,2,1,0,0.30994278246056234,0.9038139965011105,0
554,13,37.15000000000001,10,1,0,0,0.3096328396781018,0.9031949757017691,0
555,69,148.05999999999972,20,2,1,0,0.3093232068384237,0.9025762444904317,0
556,32,66.06000000000002,10,1,0,0,0.3090138836315853,0.9019578030152711,0
557,52,158.13999999999996,20,2,1,0,0.3087048697479537,0.9013396514235861,0
558,23,151.96999999999997,20,2,1,0,0.30839616487820576,0.9007217898618041,0
559,50,156.73999999999995,30,3,1,1,0.30808776871332755,0.900104218475484,0
560,50,156.23,20,2,1,0,0.3077796809446142,0.8994869374093191,0
561,12,125.37,20,2,1,0,0.3074719012636696,0.8988699468071376,0
562,50,580.1299999999999,30,3,1,1,0.3071644293624059,0.8982532468119071,0
563,28,130.46,20,2,1,0,0.3068572649330435,0.8976368375657368,0
564,26,3.460000000000001,0,0,0,0,0.3065504076681104,0.8970207192098781,0
565,31,128.38000000000002,20,2,1,0,0.3062438572604423,0.8964048918847293,0
566,32,155.27999999999992,20,2,1,0,0.3059376134031818,0.8957893557298364,0
567,43,156.17,20,2,1,0,0.3056316757897786,0.8951741108838963,0
568,18,38.40000000000002,10,1,0,0,0.30532604411398884,0.8945591574847591,0
569,23,127.37000000000003,20,2,1,0,0.30502071806987485,0.8939444956694301,0
570,49,579.2099999999999,30,3,1,1,0.304715697351805,0.8933301255740722,0
571,50,147.37999999999988,30,3,1,1,0.3044109816544532,0.8927160473340088,0
572,8,126.25999999999999,20,2,1,0,0.3041065706727987,0.8921022610837263,0
573,47,577.4699999999999,30,3,1,1,0.3038024641021259,0.8914887669568746,0
574,8,59.08000000000001,10,1,0,0,0.3034986616380238,0.8908755650862724,0
575,47,132.82,20,2,1,0,0.30319516297638577,0.8902626556039072,0
576,52,158.95999999999995,20,2,1,0,0.3028919678134094,0.8896500386409381,0
577,65,580.42,30,3,1,1,0.30258907584559597,0.8890377143276993,0
578,58,134.85999999999976,20,2,1,0,0.3022864867697504,0.8884256827937013,0
579,50,156.91999999999996,20,2,1,0,0.3019842002829806,0.8878139441676329,0
580,29,128.54,20,2,1,0,0.30168221608269763,0.8872024985773648,0
581,26,127.38999999999996,20,2,1,0,0.30138053386661495,0.886591346149951,0
582,44,132.33999999999992,20,2,1,0,0.3010791533327483,0.8859804870116312,0
583,16,128.29,20,2,1,0,0.30077807417941554,0.8853699212878328,0
584,7,61.95,10,1,0,0,0.3004772961052361,0.8847596491031745,0
585,12,127.42000000000002,20,2,1,0,0.3001768188091309,0.8841496705814669,0
586,14,36.750000000000014,10,1,0,0,0.29987664199032177,0.8835399858457158,0
587,40,132.02999999999992,20,2,1,0,0.29957676534833144,0.8829305950181239,0
588,43,575.67,30,3,1,1,0.29927718858298313,0.882321498220094,0
589,15,38.050000000000026,10,1,0,0,0.29897791139440016,0.8817126955722295,0
590,25,153.99,20,2,1,0,0.2986789334830058,0.8811041871943391,0
591,29,123.26999999999995,20,2,1,0,0.29838025454952277,0.8804959732054363,0
592,56,131.71999999999997,20,2,1,0,0.29808187429497324,0.879888053723744,0
593,12,127.62000000000002,20,2,1,0,0.29778379242067826,0.8792804288666951,0
594,12,37.94000000000002,10,1,0,0,0.2974860086282576,0.8786730987509359,0
595,43,576.26,30,3,1,1,0.2971885226196293,0.8780660634923274,0
596,7,126.58000000000001,20,2,1,0,0.2968913340970097,0.8774593232059473,0
597,54,127.38999999999999,20,2,1,0,0.2965944427629127,0.8768528780060945,0
598,27,40.910000000000025,10,1,0,0,0.29629784832014977,0.8762467280062878,0
599,63,573.2399999999998,30,3,1,1,0.29600155047182963,0.8756408733192708,0
600,7,126.28000000000002,20,2,1,0,0.2957055489213578,0.8750353140570126,0
601,43,157.23000000000005,30,3,1,1,0.2954098433724365,0.8744300503307111,0
602,26,572.3399999999999,30,3,1,1,0.295114433529064,0.8738250822507938,0
603,64,45.13000000000005,10,1,0,0,0.29481931909553494,0.8732204099269215,0
604,23,152.0,20,2,1,0,0.2945244997764394,0.8726160334679895,0
605,64,37.060000000000045,10,1,0,0,0.29422997527666295,0.87201195298213,0
606,49,577.51,30,3,1,1,0.2939357453013863,0.8714081685767135,0
607,63,133.25999999999974,20,2,1,0,0.2936418095560849,0.8708046803583532,0
608,67,71.94000000000008,10,1,0,0,0.2933481677465288,0.8702014884329038,0
609,50,160.87999999999994,20,2,1,0,0.29305481957878227,0.8695985929054666,0
610,11,152.26000000000002,20,2,1,0,0.29276176475920346,0.8689959938803898,0
611,10,61.13000000000001,10,1,0,0,0.2924690029944442,0.8683936914612718,0
612,47,134.32999999999993,20,2,1,0,0.29217653399144977,0.8677916857509625,0
613,58,130.94,20,2,1,0,0.29188435745745833,0.8671899768515657,0
614,32,128.7199999999999,20,2,1,0,0.29159247310000086,0.8665885648644409,0
615,73,134.27999999999977,20,2,1,0,0.29130088062690085,0.865987449890206,0
616,51,131.48000000000002,20,2,1,0,0.29100957974627395,0.8653866320287393,0
617,56,157.22,20,2,1,0,0.2907185701665277,0.8647861113791806,0
618,48,579.71,30,3,1,1,0.29042785159636114,0.8641858880399342,0
619,58,581.8899999999999,30,3,1,1,0.29013742374476476,0.8635859621086712,0
620,16,151.83999999999997,20,2,1,0,0.28984728632101997,0.8629863336823312,0
621,14,63.30000000000002,10,1,0,0,0.28955743903469894,0.862387002857124,0
622,45,134.65999999999985,20,2,1,0,0.28926788159566424,0.8617879697285316,0
623,64,123.51999999999978,20,2,1,0,0.2889786137140686,0.8611892343913113,0
624,60,38.44000000000001,10,1,0,0,0.2886896351003545,0.8605907969394968,0
625,51,135.38999999999996,20,2,1,0,0.28840094546525413,0.8599926574664001,0
626,34,158.10000000000008,20,2,1,0,0.2881125445197889,0.8593948160646143,0
627,53,134.32999999999998,20,2,1,0,0.28782443197526913,0.8587972728260156,0
628,54,131.77999999999994,20,2,1,0,0.28753660754329385,0.8582000278417644,0
629,50,131.07999999999993,20,2,1,0,0.2872490709357506,0.8576030812023079,0
630,32,129.12,20,2,1,0,0.28696182186481484,0.8570064329973822,0
631,19,38.29000000000002,10,1,0,0,0.28667486004295,0.8564100833160142,0
632,20,62.13000000000001,10,1,0,0,0.28638818518290704,0.8558140322465241,0
633,64,70.56999999999996,10,1,0,0,0.28610179699772414,0.8552182798765257,0
634,51,130.81000000000003,20,2,1,0,0.2858156952007264,0.8546228262929304,0
635,30,40.360000000000035,10,1,0,0,0.28552987950552566,0.8540276715819485,0
636,20,61.67000000000003,10,1,0,0,0.28524434962602013,0.8534328158290904,0
637,22,38.85000000000002,10,1,0,0,0.2849591052763941,0.8528382591191699,0
638,47,132.94,20,2,1,0,0.28467414617111775,0.8522440015363046,0
639,68,126.98999999999972,20,2,1,0,0.28438947202494663,0.8516500431639197,0
640,18,38.12000000000002,10,1,0,0,0.28410508255292166,0.8510563840847482,0
641,18,129.17000000000002,20,2,1,0,0.2838209774703687,0.8504630243808338,0
642,27,153.04999999999998,20,2,1,0,0.28353715649289835,0.8498699641335329,0
643,56,133.35999999999999,20,2,1,0,0.28325361933640547,0.8492772034235161,0
644,20,-24.29,0,0,0,0,0.2829703657170691,0.8486847423307706,0
645,24,129.29000000000002,20,2,1,0,0.282687395351352,0.8480925809346014,0
646,54,128.71999999999997,20,2,1,0,0.28240470795600064,0.8475007193136341,0
647,22,61.920000000000016,10,1,0,0,0.28212230324804466,0.8469091575458161,0
648,32,150.96,20,2,1,0,0.2818401809447966,0.8463178957084192,0
649,63,36.19000000000001,10,1,0,0,0.28155834076385183,0.845726933878041,0
650,48,131.14999999999992,20,2,1,0,0.28127678242308796,0.8451362721306064,0
651,16,128.48999999999998,20,2,1,0,0.2809955056406649,0.844545910541371,0
652,70,38.89999999999989,10,1,0,0,0.28071451013502424,0.843955849184921,0
653,55,157.95999999999998,20,2,1,0,0.28043379562488924,0.843366088135177,0
654,42,130.42999999999995,20,2,1,0,0.28015336182926437,0.8427766274653941,0
655,11,62.460000000000015,10,1,0,0,0.27987320846743513,0.8421874672481651,0
656,42,159.02999999999994,30,3,1,1,0.2795933352589677,0.8415986075554224,0
657,62,125.05000000000003,20,2,1,0,0.2793137419237087,0.8410100484584389,0
658,54,48.23000000000003,10,1,0,0,0.27903442818178503,0.8404217900278299,0
659,51,135.85999999999996,20,2,1,0,0.27875539375360325,0.8398338323335562,0
660,25,62.27,10,1,0,0,0.27847663835984965,0.8392461754449249,0
661,57,133.9799999999999,20,2,1,0,0.2781981617214898,0.8386588194305915,0
662,26,-21.46,0,0,0,0,0.27791996355976833,0.8380717643585612,0
663,41,155.36999999999995,20,2,1,0,0.2776420435962086,0.8374850102961926,0
664,26,4.130000000000001,0,0,0,0,0.2773644015526124,0.8368985573101969,0
665,56,134.39999999999992,20,2,1,0,0.27708703715105976,0.8363124054666414,0
666,62,66.40000000000002,10,1,0,0,0.2768099501139087,0.8357265548309516,0
667,63,70.57999999999998,10,1,0,0,0.27653314016379477,0.8351410054679114,0
668,23,129.23999999999995,20,2,1,0,0.276256607023631,0.8345557574416664,0
669,60,43.05000000000004,10,1,0,0,0.27598035041660735,0.8339708108157253,0
670,45,135.62999999999988,20,2,1,0,0.27570437006619075,0.8333861656529616,0
671,27,62.56000000000005,10,1,0,0,0.27542866569612456,0.8328018220156149,0
672,54,579.3299999999999,30,3,1,1,0.27515323703042843,0.8322177799652937,0
673,21,153.17999999999995,20,2,1,0,0.274878083793398,0.8316340395629763,0
674,14,39.71000000000001,10,1,0,0,0.2746032057096046,0.8310506008690132,0
675,55,159.3599999999999,20,2,1,0,0.274328602503895,0.8304674639431286,0
676,38,160.25999999999996,20,2,1,0,0.27405427390139114,0.829884628844422,0
677,12,37.52000000000002,10,1,0,0,0.2737802196274898,0.8293020956313701,0
678,49,135.14,20,2,1,0,0.2735064394078623,0.8287198643618295,0
679,32,150.40000000000003,20,2,1,0,0.2732329329684544,0.828137935093036,0
680,25,158.39999999999998,20,2,1,0,0.272959700035486,0.8275563078816094,0
681,62,47.75000000000007,10,1,0,0,0.2726867403354505,0.8269749827835531,0
682,11,61.66000000000001,10,1,0,0,0.27241405359511506,0.8263939598542565,0
683,13,38.95000000000002,10,1,0,0,0.27214163954151993,0.825813239148497,0
684,55,157.68999999999997,20,2,1,0,0.2718694979019784,0.8252328207204414,0
685,12,128.04000000000002,20,2,1,0,0.2715976284040764,0.8246527046236474,0
686,55,129.79999999999993,20,2,1,0,0.27132603077567236,0.8240728909110668,0
687,49,576.1899999999999,30,3,1,1,0.2710547047448967,0.8234933796350443,0
688,56,159.19999999999996,20,2,1,0,0.27078365004015176,0.8229141708473224,0
689,35,131.01000000000002,20,2,1,0,0.27051286639011163,0.8223352645990415,0
690,42,157.83,30,3,1,1,0.2702423535237215,0.821756660940741,0
691,12,126.14000000000001,20,2,1,0,0.26997211117019776,0.8211783599223625,0
692,13,38.770000000000024,10,1,0,0,0.26970213905902757,0.8206003615932507,0
693,48,137.01999999999995,20,2,1,0,0.26943243691996854,0.8200226660021552,0
694,12,36.540000000000006,10,1,0,0,0.2691630044830486,0.8194452731972326,0
695,15,34.900000000000006,10,1,0,0,0.26889384147856554,0.8188681832260463,0
696,20,37.65000000000002,10,1,0,0,0.268624947637087,0.8182913961355709,0
697,55,136.16999999999987,20,2,1,0,0.2683563226894499,0.8177149119721931,0
698,17,153.01000000000005,20,2,1,0,0.26808796636676047,0.8171387307817112,0
699,50,579.8499999999999,30,3,1,1,0.26781987840039373,0.8165628526093401,0
700,18,62.71000000000002,10,1,0,0,0.2675520585219933,0.8159872774997103,0
701,20,38.85000000000002,10,1,0,0,0.26728450646347135,0.815412005496871,0
702,25,64.16,10,1,0,0,0.2670172219570079,0.8148370366442914,0
703,32,128.52000000000004,20,2,1,0,0.2667502047350509,0.8142623709848615,0
704,58,155.24000000000004,20,2,1,0,0.26648345453031586,0.8136880085608957,0
705,48,157.1,30,3,1,1,0.2662169710757855,0.8131139494141326,0
706,10,37.31,10,1,0,0,0.26595075410470975,0.812540193585737,0
707,8,36.75,10,1,0,0,0.26568480335060507,0.8119667411163025,0
708,56,130.5199999999999,20,2,1,0,0.2654191185472545,0.8113935920458522,0
709,45,131.35000000000002,20,2,1,0,0.2651536994287072,0.8108207464138398,0
710,18,39.80000000000002,10,1,0,0,0.2648885457292785,0.8102482042591537,0
711,46,157.35,20,2,1,0,0.26462365718354924,0.8096759656201156,0
712,48,576.73,30,3,1,1,0.2643590335263657,0.8091040305344829,0
713,49,134.57999999999996,20,2,1,0,0.26409467449283935,0.8085323990394523,0
714,14,129.68,20,2,1,0,0.2638305798183465,0.8079610711716593,0
715,54,133.71999999999997,20,2,1,0,0.2635667492385282,0.8073900469671799,0
716,46,134.82,20,2,1,0,0.26330318248928963,0.8068193264615333,0
717,41,160.32999999999998,20,2,1,0,0.26303987930680034,0.8062489096896827,0
718,41,159.66,20,2,1,0,0.2627768394274935,0.8056787966860369,0
719,38,158.41,20,2,1,0,0.26251406258806603,0.805108987484452,0
720,36,134.31999999999996,20,2,1,0,0.26225154852547794,0.8045394821182341,0
721,57,130.5699999999999,20,2,1,0,0.26198929697695245,0.8039702806201381,0
722,50,160.13999999999996,20,2,1,0,0.2617273076799755,0.8034013830223721,0
723,30,66.23,10,1,0,0,0.2614655803722955,0.8028327893565972,0
724,45,132.26999999999998,20,2,1,0,0.2612041147919232,0.8022644996539302,0
725,68,137.18999999999974,20,2,1,0,0.26094291067713127,0.8016965139449443,0
726,45,132.96999999999997,20,2,1,0,0.26068196776645414,0.8011288322596714,0
727,49,126.43999999999986,20,2,1,0,0.2604212857986877,0.8005614546276025,0
728,29,133.37,20,2,1,0,0.260160864512889,0.7999943810776906,0
729,42,131.04000000000002,20,2,1,0,0.2599007036483761,0.7994276116383512,0
730,54,127.09999999999982,20,2,1,0,0.2596408029447277,0.7988611463374644,0
731,41,155.32,20,2,1,0,0.259381162141783,0.7982949852023766,0
732,25,156.55999999999997,20,2,1,0,0.25912178097964117,0.7977291282599009,0
733,50,138.2899999999999,20,2,1,0,0.2588626591986615,0.7971635755363204,0
734,50,157.96999999999994,20,2,1,0,0.25860379653946286,0.7965983270573876,0
735,24,154.98999999999998,20,2,1,0,0.2583451927429234,0.7960333828483284,0
736,49,135.06999999999994,20,2,1,0,0.25808684755018046,0.7954687429338407,0
737,28,154.81000000000003,20,2,1,0,0.2578287607026303,0.7949044073380991,0
738,13,38.280000000000015,10,1,0,0,0.25757093194192765,0.7943403760847534,0
739,21,38.180000000000035,10,1,0,0,0.2573133610099857,0.7937766491969319,0
740,50,154.27999999999994,20,2,1,0,0.2570560476489757,0.7932132266972429,0
741,48,576.95,30,3,1,1,0.25679899160132674,0.7926501086077751,0
742,25,40.489999999999995,10,1,0,0,0.25654219260972544,0.7920872949501003,0
743,18,61.880000000000024,10,1,0,0,0.2562856504171157,0.7915247857452736,0
744,19,64.8,10,1,0,0,0.2560293647666986,0.7909625810138363,0
745,50,131.79000000000002,20,2,1,0,0.25577333540193187,0.7904006807758162,0
746,54,134.64999999999998,20,2,1,0,0.2555175620665299,0.7898390850507296,0
747,25,37.670000000000044,10,1,0,0,0.2552620445044634,0.7892777938575829,0
748,66,127.76999999999992,20,2,1,0,0.2550067824599589,0.7887168072148737,0
749,16,36.990000000000016,10,1,0,0,0.25475177567749896,0.7881561251405924,0
750,15,38.79000000000002,10,1,0,0,0.25449702390182144,0.7875957476522234,0
751,24,154.74,20,2,1,0,0.2542425268779196,0.7870356747667475,0
752,53,574.3599999999999,30,3,1,1,0.25398828435104165,0.786475906500642,0
753,55,134.27999999999977,20,2,1,0,0.2537342960666906,0.7859164428698835,0
754,14,62.35,10,1,0,0,0.25348056177062395,0.7853572838899477,0
755,53,577.55,30,3,1,1,0.25322708120885334,0.7847984295758126,0
756,7,126.68,20,2,1,0,0.2529738541276445,0.7842398799419588,0
757,24,156.03999999999996,20,2,1,0,0.25272088027351686,0.7836816350023708,0
758,26,40.56000000000002,10,1,0,0,0.25246815939324335,0.78312369477054,0
759,47,158.01,20,2,1,0,0.2522156912338501,0.7825660592594638,0
760,29,125.69999999999996,20,2,1,0,0.2519634755426163,0.7820087284816487,0
761,12,37.250000000000014,10,1,0,0,0.25171151206707365,0.7814517024491117,0
762,15,38.31000000000002,10,1,0,0,0.25145980055500655,0.7808949811733797,0
763,23,131.58999999999997,20,2,1,0,0.25120834075445153,0.7803385646654946,0
764,27,65.19000000000003,10,1,0,0,0.2509571324136971,0.7797824529360109,0
765,42,158.96,30,3,1,1,0.2507061752812834,0.779226645994999,0
766,61,128.48999999999972,20,2,1,0,0.25045546910600214,0.7786711438520468,0
767,14,33.89000000000003,10,1,0,0,0.2502050136368961,0.7781159465162603,0
768,70,120.54999999999976,20,2,1,0,0.24995480862325922,0.7775610539962652,0
769,50,155.50999999999993,30,3,1,1,0.24970485381463597,0.7770064663002086,0
770,45,44.66999999999997,10,1,0,0,0.24945514896082133,0.7764521834357601,0
771,58,137.58999999999963,20,2,1,0,0.2492056938118605,0.7758982054101131,0
772,67,156.39999999999992,20,2,1,0,0.24895648811804863,0.7753445322299866,0
773,42,133.47999999999996,20,2,1,0,0.2487075316299306,0.774791163901626,0
774,43,60.69000000000008,10,1,0,0,0.24845882409830067,0.774238100430805,0
775,41,157.92000000000002,30,3,1,1,0.24821036527420237,0.7736853418228261,0
776,65,155.27999999999986,20,2,1,0,0.24796215490892817,0.7731328880825235,0
777,24,157.01,20,2,1,0,0.24771419275401924,0.772580739214263,0
778,48,584.2199999999999,30,3,1,1,0.24746647856126522,0.7720288952219435,0
779,44,139.84999999999997,20,2,1,0,0.24721901208270394,0.7714773561089996,0
780,49,580.61,30,3,1,1,0.24697179307062123,0.7709261218784014,0
781,31,133.07,20,2,1,0,0.2467248212775506,0.7703751925326564,0
782,46,550.0799999999999,30,3,1,1,0.24647809645627305,0.769824568073812,0
783,22,39.04000000000005,10,1,0,0,0.24623161835981677,0.7692742485034543,0
784,49,580.4399999999999,30,3,1,1,0.24598538674145695,0.7687242338227118,0
785,11,61.58000000000001,10,1,0,0,0.2457394013547155,0.7681745240322555,0
786,50,135.68999999999983,20,2,1,0,0.24549366195336078,0.7676251191323012,0
787,13,38.67000000000002,10,1,0,0,0.24524816829140741,0.7670760191226091,0
788,15,38.489999999999995,10,1,0,0,0.245002920123116,0.7665272240024872,0
789,50,156.23,30,3,1,1,0.2447579172029929,0.7659787337707907,0
790,44,159.78999999999988,30,3,1,1,0.2445131592857899,0.7654305484259251,0
791,27,151.87999999999997,30,3,1,1,0.24426864612650412,0.764882667965846,0
792,48,583.0,30,3,1,1,0.2440243774803776,0.7643350923880613,0
793,24,151.76,20,2,1,0,0.24378035310289722,0.7637878216896319,0
794,10,61.660000000000004,10,1,0,0,0.24353657274979432,0.7632408558671735,0
795,14,64.77000000000002,10,1,0,0,0.24329303617704454,0.7626941949168581,0
796,49,578.17,30,3,1,1,0.2430497431408675,0.7621478388344144,0
797,26,156.25999999999993,20,2,1,0,0.24280669339772662,0.7616017876151299,0
798,15,37.58000000000002,10,1,0,0,0.24256388670432888,0.7610560412538514,0
799,49,578.4199999999998,30,3,1,1,0.24232132281762456,0.7605105997449872,0
800,53,135.6599999999998,20,2,1,0,0.24207900149480693,0.7599654630825077,0
801,7,36.38000000000001,10,1,0,0,0.24183692249331212,0.7594206312599474,0
802,29,128.32999999999996,20,2,1,0,0.24159508557081882,0.7588761042704046,0
803,25,156.11999999999998,20,2,1,0,0.241353490485248,0.7583318821065446,0
804,48,134.7799999999999,20,2,1,0,0.24111213699476278,0.7577879647606,0
805,14,62.22000000000001,10,1,0,0,0.240871024857768,0.7572443522243717,0
806,30,131.22999999999993,20,2,1,0,0.24063015383291025,0.7567010444892309,0
807,25,155.85999999999999,20,2,1,0,0.24038952367907734,0.7561580415461198,0
808,27,130.64999999999995,20,2,1,0,0.24014913415539826,0.7556153433855526,0
809,27,129.73999999999995,20,2,1,0,0.23990898502124286,0.7550729499976178,0
810,57,133.05999999999995,20,2,1,0,0.23966907603622162,0.7545308613719786,0
811,14,33.10000000000001,10,1,0,0,0.2394294069601854,0.7539890774978742,0
812,44,129.94,20,2,1,0,0.2391899775532252,0.7534475983641213,0
813,43,129.37999999999985,20,2,1,0,0.23895078757567198,0.752906423959115,0
814,24,154.81,20,2,1,0,0.23871183678809632,0.7523655542708306,0
815,48,127.95999999999997,20,2,1,0,0.23847312495130824,0.7518249892868245,0
816,52,166.59999999999988,20,2,1,0,0.23823465182635692,0.7512847289942347,0
817,49,577.5799999999999,30,3,1,1,0.23799641717453057,0.7507447733797832,0
818,33,132.39,20,2,1,0,0.23775842075735604,0.7502051224297772,0
819,26,156.14999999999998,20,2,1,0,0.2375206623365987,0.7496657761301087,0
820,45,554.9599999999999,30,3,1,1,0.2372831416742621,0.7491267344662579,0
821,12,39.34000000000002,10,1,0,0,0.23704585853258783,0.7485879974232932,0
822,47,134.58999999999992,20,2,1,0,0.23680881267405524,0.7480495649858718,0
823,29,154.94999999999993,20,2,1,0,0.2365720038613812,0.7475114371382425,0
824,57,126.26999999999975,20,2,1,0,0.23633543185751982,0.746973613864246,0
825,10,37.79000000000002,10,1,0,0,0.2360990964256623,0.7464360951473153,0
826,10,61.86000000000001,10,1,0,0,0.23586299732923663,0.7458988809704792,0
827,49,576.3899999999999,30,3,1,1,0.23562713433190738,0.7453619713163611,0
828,49,158.5799999999999,30,3,1,1,0.23539150719757548,0.7448253661671808,0
829,10,61.63000000000001,10,1,0,0,0.23515611569037792,0.7442890655047568,0
830,45,132.25,20,2,1,0,0.23492095957468753,0.7437530693105066,0
831,23,128.32999999999998,20,2,1,0,0.23468603861511284,0.7432173775654476,0
832,45,158.62999999999994,20,2,1,0,0.2344513525764977,0.7426819902501989,0
833,14,35.97,10,1,0,0,0.23421690122392122,0.7421469073449825,0
834,10,1.93,0,0,0,0,0.2339826843226973,0.7416121288296234,0
835,10,-21.54,0,0,0,0,0.2337487016383746,0.741077654683552,0
836,27,126.90999999999995,20,2,1,0,0.23351495293673624,0.7405434848858052,0
837,57,68.31000000000003,10,1,0,0,0.2332814379837995,0.7400096194150269,0
838,41,156.64,20,2,1,0,0.2330481565458157,0.7394760582494688,0
839,48,127.6299999999999,20,2,1,0,0.2328151083892699,0.7389428013669933,0
840,13,128.45000000000002,20,2,1,0,0.23258229328088062,0.7384098487450728,0
841,14,154.05000000000004,20,2,1,0,0.23234971098759974,0.7378772003607916,0
842,25,156.23999999999998,20,2,1,0,0.23211736127661214,0.7373448561908478,0
843,54,158.40999999999997,20,2,1,0,0.23188524391533552,0.7368128162115524,0
844,52,137.27999999999992,20,2,1,0,0.23165335867142017,0.7362810803988328,0
845,26,157.5,20,2,1,0,0.23142170531274875,0.7357496487282323,0
846,57,134.4899999999999,20,2,1,0,0.231190283607436,0.735218521174912,0
847,27,131.91999999999996,20,2,1,0,0.23095909332382855,0.7346876977136518,0
848,49,579.1099999999999,30,3,1,1,0.23072813423050473,0.7341571783188511,0
849,50,577.4799999999999,30,3,1,1,0.23049740609627423,0.7336269629645303,0
850,11,35.489999999999995,10,1,0,0,0.23026690869017796,0.7330970516243325,0
851,14,64.59000000000002,10,1,0,0,0.23003664178148778,0.7325674442715231,0
852,49,135.06999999999996,20,2,1,0,0.2298066051397063,0.7320381408789923,0
853,46,133.36999999999998,20,2,1,0,0.22957679853456658,0.7315091414192558,0
854,24,153.77000000000004,20,2,1,0,0.22934722173603203,0.7309804458644563,0
855,48,552.4699999999999,30,3,1,1,0.229117874514296,0.7304520541863624,0
856,12,62.04000000000001,10,1,0,0,0.2288887566397817,0.7299239663563737,0
857,48,134.82999999999996,20,2,1,0,0.2286598678831419,0.7293961823455178,0
858,44,133.10999999999999,20,2,1,0,0.22843120801525876,0.7288687021244548,0
859,11,61.81000000000002,10,1,0,0,0.2282027768072435,0.7283415256634753,0
860,10,126.43000000000002,20,2,1,0,0.22797457403043625,0.7278146529325046,0
861,17,153.17999999999992,20,2,1,0,0.22774659945640582,0.727288083901101,0
862,32,155.64000000000001,20,2,1,0,0.22751885285694942,0.7267618185384588,0
863,26,153.82,20,2,1,0,0.22729133400409246,0.7262358568134082,0
864,51,130.2599999999999,20,2,1,0,0.22706404267008837,0.7257101986944176,0
865,50,574.99,30,3,1,1,0.22683697862741828,0.7251848441495932,0
866,48,135.10999999999993,20,2,1,0,0.22661014164879087,0.7246597931466814,0
867,25,154.54,20,2,1,0,0.22638353150714208,0.7241350456530689,0
868,62,135.34999999999997,20,2,1,0,0.22615714797563494,0.7236106016357847,0
869,21,152.95000000000002,20,2,1,0,0.2259309908276593,0.7230864610615002,0
870,24,156.20999999999998,20,2,1,0,0.22570505983683165,0.7225626238965307,0
871,24,153.96,20,2,1,0,0.22547935477699482,0.7220390901068369,0
872,50,128.76999999999987,20,2,1,0,0.22525387542221784,0.7215158596580251,0
873,57,155.56999999999996,20,2,1,0,0.22502862154679562,0.7209929325153489,0
874,43,135.00999999999996,20,2,1,0,0.22480359292524882,0.7204703086437101,0
875,18,154.84,20,2,1,0,0.22457878933232356,0.71994798800766,0
876,48,578.27,30,3,1,1,0.22435421054299123,0.7194259705713993,0
877,53,159.53999999999988,20,2,1,0,0.22412985633244825,0.7189042562987806,0
878,29,152.66,20,2,1,0,0.2239057264761158,0.7183828451533091,0
879,30,157.7,20,2,1,0,0.2236818207496397,0.7178617370981427,0
880,25,155.04,20,2,1,0,0.22345813892889005,0.7173409320960942,0
881,49,132.77999999999997,20,2,1,0,0.22323468078996117,0.7168204301096319,0
882,48,135.53999999999996,20,2,1,0,0.2230114461091712,0.7163002311008801,0
883,27,125.55999999999997,20,2,1,0,0.22278843466306203,0.7157803350316211,0
884,27,129.41000000000003,20,2,1,0,0.22256564622839897,0.7152607418632959,0
885,45,132.66999999999996,20,2,1,0,0.22234308058217056,0.7147414515570043,0
886,23,151.63000000000005,20,2,1,0,0.2221207375015884,0.7142224640735076,0
887,25,152.58999999999997,20,2,1,0,0.22189861676408681,0.7137037793732282,0
888,24,126.80000000000004,20,2,1,0,0.22167671814732273,0.7131853974162512,0
889,27,157.35,20,2,1,0,0.2214550414291754,0.7126673181623253,0
890,44,135.66999999999996,20,2,1,0,0.22123358638774623,0.7121495415708645,0
891,50,159.8799999999999,30,3,1,1,0.22101235280135847,0.7116320676009472,0
892,55,156.03999999999996,30,3,1,1,0.2207913404485571,0.7111148962113197,0
893,59,131.14999999999972,20,2,1,0,0.22057054910810855,0.710598027360396,0
894,27,155.62,20,2,1,0,0.22034997855900046,0.7100814610062576,0
895,54,131.7699999999999,20,2,1,0,0.22012962858044147,0.7095651971066566,0
896,29,157.48000000000002,20,2,1,0,0.21990949895186102,0.7090492356190159,0
897,44,134.89000000000001,20,2,1,0,0.21968958945290915,0.7085335765004294,0
898,18,573.92,30,3,1,1,0.21946989986345625,0.7080182197076643,0
899,57,133.6799999999998,20,2,1,0,0.21925042996359279,0.7075031651971613,0
900,50,134.56999999999994,20,2,1,0,0.2190311795336292,0.7069884129250356,0
901,12,38.67000000000001,10,1,0,0,0.21881214835409557,0.7064739628470782,0
902,50,159.59999999999994,20,2,1,0,0.21859333620574148,0.7059598149187566,0
903,27,156.62999999999997,20,2,1,0,0.21837474286953573,0.7054459690952161,0
904,26,155.09,20,2,1,0,0.2181563681266662,0.7049324253312801,0
905,62,46.55000000000001,10,1,0,0,0.21793821175853953,0.7044191835814525,0
906,44,135.05,20,2,1,0,0.217720273546781,0.7039062437999165,0
907,12,126.53,20,2,1,0,0.21750255327323423,0.7033936059405376,0
908,51,131.5999999999999,20,2,1,0,0.217285050719961,0.7028812699568637,0
909,26,149.23000000000002,20,2,1,0,0.21706776566924102,0.7023692358021258,0
910,42,552.48,30,3,1,1,0.21685069790357178,0.7018575034292396,0
911,10,127.52000000000001,20,2,1,0,0.21663384720566822,0.7013460727908061,0
912,49,577.0699999999999,30,3,1,1,0.21641721335846256,0.7008349438391123,0
913,10,151.19,20,2,1,0,0.2162007961451041,0.7003241165261328,0
914,12,36.640000000000015,10,1,0,0,0.215984595348959,0.6998135908035304,0
915,44,135.14999999999998,20,2,1,0,0.21576861075361004,0.699303366622657,0
916,15,128.15999999999997,20,2,1,0,0.21555284214285642,0.6987934439345544,0
917,24,154.31,20,2,1,0,0.21533728930071355,0.698283822689956,0
918,19,38.95,10,1,0,0,0.21512195201141285,0.6977745028392863,0
919,29,156.03,20,2,1,0,0.21490683005940142,0.6972654843326636,0
920,24,128.83000000000004,20,2,1,0,0.21469192322934202,0.6967567671198998,0
921,50,153.19999999999996,20,2,1,0,0.21447723130611268,0.6962483511505014,0
922,52,154.14000000000001,20,2,1,0,0.21426275407480658,0.6957402363736709,0
923,52,159.49999999999994,30,3,1,1,0.21404849132073178,0.6952324227383077,0
924,17,63.18000000000002,10,1,0,0,0.21383444282941105,0.6947249101930082,0
925,42,159.81,20,2,1,0,0.21362060838658165,0.6942176986860676,0
926,25,151.17000000000002,20,2,1,0,0.21340698777819506,0.6937107881654806,0
927,50,578.01,30,3,1,1,0.21319358079041686,0.6932041785789428,0
928,48,128.88,20,2,1,0,0.21298038720962645,0.69269786987385,0
929,31,112.42999999999992,20,2,1,0,0.21276740682241682,0.6921918619973011,0
930,29,66.93999999999998,10,1,0,0,0.2125546394155944,0.6916861548960977,0
931,51,573.51,30,3,1,1,0.2123420847761788,0.6911807485167459,0
932,47,582.3199999999999,30,3,1,1,0.2121297426914026,0.6906756428054561,0
933,13,151.62,20,2,1,0,0.2119176129487112,0.690170837708145,0
934,50,134.83999999999992,20,2,1,0,0.2117056953357625,0.6896663331704362,0
935,55,133.5399999999999,20,2,1,0,0.21149398964042673,0.6891621291376607,0
936,49,574.9399999999999,30,3,1,1,0.2112824956507863,0.688658225554858,0
937,48,133.70999999999992,20,2,1,0,0.21107121315513552,0.6881546223667772,0
938,31,65.21000000000004,10,1,0,0,0.21086014194198038,0.6876513195178781,0
939,49,579.41,30,3,1,1,0.2106492818000384,0.6871483169523309,0
940,46,133.69999999999993,20,2,1,0,0.21043863251823836,0.6866456146140193,0
941,28,155.60000000000002,20,2,1,0,0.21022819388572012,0.6861432124465384,0
942,47,555.06,30,3,1,1,0.2100179656918344,0.6856411103931989,0
943,11,151.79000000000002,20,2,1,0,0.20980794772614256,0.6851393083970246,0
944,36,130.27999999999994,20,2,1,0,0.2095981397784164,0.6846378064007569,0
945,54,159.92999999999992,20,2,1,0,0.209388541638638,0.6841366043468521,0
946,27,153.75000000000003,20,2,1,0,0.20917915309699936,0.683635702177485,0
947,27,129.12999999999994,20,2,1,0,0.20896997394390235,0.6831350998345485,0
948,50,580.7199999999999,30,3,1,1,0.20876100396995845,0.6826347972596543,0
949,27,129.39999999999995,20,2,1,0,0.20855224296598848,0.6821347943941347,0
950,46,131.2699999999999,20,2,1,0,0.2083436907230225,0.6816350911790429,0
951,45,135.56999999999994,20,2,1,0,0.20813534703229947,0.6811356875551535,0
952,10,126.59,20,2,1,0,0.20792721168526718,0.6806365834629645,0
953,29,130.05999999999997,20,2,1,0,0.2077192844735819,0.6801377788426964,0
954,14,-22.05,0,0,0,0,0.20751156518910832,0.6796392736342953,0
955,7,36.480000000000004,10,1,0,0,0.2073040536239192,0.6791410677774321,0
956,50,133.35999999999996,20,2,1,0,0.20709674957029528,0.6786431612115034,0
957,24,155.76,20,2,1,0,0.206889652820725,0.6781455538756335,0
958,50,577.1199999999999,30,3,1,1,0.20668276316790427,0.6776482457086737,0
959,49,133.40999999999997,20,2,1,0,0.20647608040473636,0.677151236649205,0
960,26,40.72000000000002,10,1,0,0,0.2062696043243316,0.6766545266355372,0
961,51,581.6299999999999,30,3,1,1,0.2060633347200073,0.6761581156057105,0
962,16,154.35999999999999,20,2,1,0,0.20585727138528728,0.675662003497497,0
963,13,129.20000000000002,20,2,1,0,0.205651414113902,0.6751661902484004,0
964,57,134.63999999999996,20,2,1,0,0.2054457626997881,0.6746706757956568,0
965,26,155.08999999999995,20,2,1,0,0.2052403169370883,0.6741754600762372,0
966,50,128.74999999999997,20,2,1,0,0.20503507662015122,0.6736805430268458,0
967,51,156.0099999999999,30,3,1,1,0.20483004154353107,0.6731859245839237,0
968,52,160.3199999999999,30,3,1,1,0.20462521150198754,0.6726916046836471,0
969,10,37.14000000000001,10,1,0,0,0.20442058629048554,0.6721975832619299,0
970,47,557.0,30,3,1,1,0.20421616570419504,0.6717038602544235,0
971,27,152.30999999999995,20,2,1,0,0.20401194953849083,0.6712104355965187,0
972,42,135.15999999999997,20,2,1,0,0.20380793758895235,0.6707173092233448,0
973,12,128.58,20,2,1,0,0.2036041296513634,0.6702244810697724,0
974,8,36.730000000000004,10,1,0,0,0.20340052552171203,0.6697319510704131,0
975,27,156.26999999999995,20,2,1,0,0.20319712499619033,0.6692397191596202,0
976,54,136.30999999999997,20,2,1,0,0.20299392787119414,0.66874778527149,0
977,50,579.7599999999999,30,3,1,1,0.20279093394332295,0.6682561493398624,0
978,52,136.86999999999995,20,2,1,0,0.20258814300937963,0.6677648112983222,0
979,41,134.02999999999994,20,2,1,0,0.20238555486637025,0.6672737710801988,0
980,41,132.61999999999995,20,2,1,0,0.20218316931150387,0.6667830286185679,0
981,15,573.24,30,3,1,1,0.20198098614219237,0.6662925838462519,0
982,24,154.76,20,2,1,0,0.20177900515605018,0.6658024366958215,0
983,47,547.43,30,3,1,1,0.20157722615089413,0.6653125870995951,0
984,28,575.6099999999999,30,3,1,1,0.20137564892474324,0.6648230349896412,0
985,41,133.73999999999998,20,2,1,0,0.2011742732758185,0.6643337802977773,0
986,41,158.04999999999998,20,2,1,0,0.20097309900254268,0.6638448229555732,0
987,48,130.80999999999997,20,2,1,0,0.20077212590354013,0.6633561628943487,0
988,14,59.95000000000001,10,1,0,0,0.20057135377763657,0.6628678000451774,0
989,23,156.05999999999997,20,2,1,0,0.20037078242385895,0.6623797343388858,0
990,41,157.3499999999999,20,2,1,0,0.2001704116414351,0.6618919657060538,0
991,20,63.390000000000015,10,1,0,0,0.19997024122979365,0.6614044940770167,0
992,42,134.45999999999998,20,2,1,0,0.19977027098856384,0.6609173193818653,0
993,18,152.98,20,2,1,0,0.1995705007175753,0.660430441550447,0
994,68,156.4899999999999,20,2,1,0,0.1993709302168577,0.6599438605123656,0
995,23,131.86999999999998,20,2,1,0,0.19917155928664085,0.6594575761969839,0
996,48,581.17,30,3,1,1,0.1989723877273542,0.6589715885334226,0
997,21,566.97,30,3,1,1,0.19877341533962686,0.6584858974505621,0
998,46,550.5899999999999,30,3,1,1,0.19857464192428723,0.658000502877043,0
999,9,36.780000000000015,10,1,0,0,0.19837606728236293,0.6575154047412671,0
1000,42,153.64999999999995,30,3,1,1,0.19817769121508055,0.6570306029713984,0
