episode,steps,total_reward,score,success,epsilon,truncated
1,88,-53.0,10,0,0.34964999999999996,0
2,59,-71.55,10,0,0.34930035,0
3,60,-4.6999999999999815,10,0,0.34895104964999996,0
4,29,29.250000000000007,10,0,0.34860209860034996,0
5,68,73.64999999999989,10,0,0.34825349650174964,0
6,74,-39.1,10,0,0.3479052430052479,0
7,39,-35.20000000000001,10,0,0.3475573377622426,0
8,71,72.89999999999998,10,0,0.34720978042448036,0
9,39,30.049999999999986,10,0,0.3468625706440559,0
10,35,-0.5499999999999865,10,0,0.34651570807341187,0
11,60,-6.399999999999981,10,0,0.34616919236533844,0
12,27,60.0,10,0,0.3458230231729731,0
13,38,43.949999999999996,10,0,0.3454772001498001,0
14,65,38.099999999999994,10,0,0.3451317229496503,0
15,63,63.24999999999994,10,0,0.34478659122670063,0
16,62,7.7000000000000135,10,0,0.3444418046354739,0
17,35,34.249999999999986,10,0,0.3440973628308384,0
18,29,-20.749999999999993,10,0,0.34375326546800755,0
19,31,45.29999999999998,10,0,0.34340951220253957,0
20,30,19.39999999999998,10,0,0.34306610269033705,0
21,34,33.89999999999999,10,0,0.3427230365876467,0
22,29,19.549999999999986,10,0,0.342380313551059,0
23,6,-29.900000000000002,0,0,0.342037933237508,0
24,56,-42.19999999999999,10,0,0.34169589530427047,0
25,67,-0.4499999999999922,10,0,0.3413541994089662,0
26,57,63.249999999999986,10,0,0.34101284520955727,0
27,32,19.299999999999994,10,0,0.3406718323643477,0
28,15,64.8,10,0,0.34033116053198337,0
29,65,53.00000000000001,10,0,0.33999082937145136,0
30,71,-100.25000000000001,10,0,0.3396508385420799,0
31,67,-28.15000000000002,10,0,0.3393111877035378,0
32,29,64.64999999999999,10,0,0.33897187651583427,0
33,31,59.199999999999996,10,0,0.33863290463931844,0
34,62,42.899999999999935,10,0,0.33829427173467913,0
35,71,-28.64999999999997,10,0,0.3379559774629444,0
36,8,-15.100000000000001,0,0,0.3376180214854815,0
37,96,3.850000000000009,10,0,0.337280403463996,0
38,77,-108.95000000000003,10,0,0.33694312306053203,0
39,34,23.950000000000003,10,0,0.3366061799374715,0
40,8,-15.100000000000001,0,0,0.336269573757534,0
41,8,-15.100000000000001,0,0,0.3359333041837765,0
42,58,63.64999999999999,10,0,0.3355973708795927,0
43,38,0.8500000000000071,10,0,0.3352617735087131,0
44,5,0.2,0,0,0.3349265117352044,0
45,35,33.84999999999998,10,0,0.33459158522346916,0
46,97,1.950000000000049,10,0,0.3342569936382457,0
47,62,77.94999999999993,10,0,0.3339227366446074,0
48,29,49.65,10,0,0.3335888139079628,0
49,96,-38.3,10,0,0.33325522509405486,0
50,52,-11.499999999999986,10,0,0.33292196986896083,0
51,32,49.54999999999999,10,0,0.3325890478990919,0
52,29,29.250000000000004,10,0,0.3322564588511928,0
53,5,0.2,0,0,0.3319242023923416,0
54,96,14.400000000000038,10,0,0.33159227818994924,0
55,5,0.2,0,0,0.3312606859117593,0
56,48,89.45,10,0,0.3309294252258475,0
57,5,0.2,0,0,0.3305984958006217,0
58,5,0.2,0,0,0.33026789730482103,0
59,9,-0.09999999999999996,10,0,0.3299376294075162,0
60,9,-15.250000000000002,0,0,0.32960769177810867,0
61,39,59.0,10,0,0.3292780840863306,0
62,69,58.1,10,0,0.32894880600224424,0
63,55,63.14999999999996,10,0,0.328619857196242,0
64,9,-15.250000000000002,0,0,0.32829123733904575,0
65,31,29.15000000000001,10,0,0.3279629461017067,0
66,76,18.800000000000015,10,0,0.32763498315560496,0
67,38,79.14999999999998,10,0,0.3273073481724494,0
68,63,-15.75,10,0,0.32698004082427695,0
69,6,-29.900000000000002,0,0,0.3266530607834527,0
70,6,-29.900000000000002,0,0,0.32632640772266924,0
71,58,28.000000000000025,10,0,0.32600008131494657,0
72,76,-1.7999999999999794,10,0,0.3256740812336316,0
73,68,-0.5499999999999922,10,0,0.325348407152398,0
74,58,13.699999999999992,10,0,0.32502305874524556,0
75,74,17.550000000000033,10,0,0.3246980356865003,0
76,65,54.300000000000004,10,0,0.3243733376508138,0
77,9,-15.250000000000002,0,0,0.32404896431316293,0
78,9,-15.250000000000002,0,0,0.3237249153488498,0
79,55,-1.4499999999999993,10,0,0.3234011904335009,0
80,33,10.85000000000002,10,0,0.3230777892430674,0
81,5,0.2,0,0,0.32275471145382434,0
82,28,-1.5499999999999996,0,0,0.3224319567423705,0
83,9,-15.250000000000002,0,0,0.32210952478562815,0
84,34,25.699999999999992,10,0,0.32178741526084254,0
85,106,36.2999999999999,10,0,0.3214656278455817,0
86,9,-15.250000000000002,0,0,0.3211441622177361,0
87,74,37.45000000000002,10,0,0.3208230180555184,0
88,103,9.249999999999996,10,0,0.32050219503746286,0
89,5,0.2,0,0,0.32018169284242537,0
90,60,-11.800000000000015,10,0,0.31986151114958294,0
91,33,34.14999999999999,10,0,0.31954164963843334,0
92,57,-17.399999999999995,10,0,0.3192221079887949,0
93,5,0.2,0,0,0.3189028858808061,0
94,35,-5.149999999999984,10,0,0.3185839829949253,0
95,6,-29.900000000000002,0,0,0.31826539901193035,0
96,60,-50.5,10,0,0.31794713361291843,0
97,57,18.599999999999994,10,0,0.3176291864793055,0
98,33,25.200000000000014,10,0,0.3173115572928262,0
99,79,19.85000000000002,10,0,0.31699424573553336,0
100,74,8.400000000000045,10,0,0.3166772514897978,0
101,56,42.94999999999999,10,0,0.316360574238308,0
102,9,-15.250000000000002,0,0,0.3160442136640697,0
103,36,64.85,10,0,0.31572816945040566,0
104,58,27.85000000000002,10,0,0.31541244128095525,0
105,68,46.69999999999992,10,0,0.3150970288396743,0
106,106,-47.49999999999997,10,0,0.3147819318108346,0
107,33,45.3,10,0,0.31446714987902374,0
108,15,-0.3500000000000014,10,0,0.3141526827291447,0
109,59,-21.94999999999999,10,0,0.31383853004641554,0
110,29,49.499999999999986,10,0,0.31352469151636914,0
111,65,-21.849999999999998,0,0,0.3132111668248528,0
112,9,-15.250000000000002,0,0,0.3128979556580279,0
113,35,18.949999999999992,10,0,0.3125850577023699,0
114,5,0.2,0,0,0.3122724726446675,0
115,59,32.55,10,0,0.31196020017202286,0
116,62,62.599999999999966,10,0,0.3116482399718508,0
117,78,-3.5499999999999994,0,0,0.31133659173187894,0
118,62,-52.8,10,0,0.31102525514014706,0
119,56,28.450000000000006,10,0,0.3107142298850069,0
120,66,-32.3,10,0,0.3104035156551219,0
121,59,7.4500000000000135,10,0,0.3100931121394668,0
122,55,-1.8499999999999943,10,0,0.3097830190273273,0
123,66,62.59999999999995,10,0,0.30947323600829996,0
124,74,-23.899999999999995,10,0,0.3091637627722917,0
125,93,38.2499999999999,10,0,0.3088545990095194,0
126,71,57.30000000000001,10,0,0.30854574441050986,0
127,68,62.999999999999986,10,0,0.30823719866609933,0
128,9,-15.250000000000002,0,0,0.30792896146743326,0
129,55,28.650000000000002,10,0,0.30762103250596584,0
130,59,3.3499999999999766,10,0,0.30731341147345986,0
131,71,57.50000000000001,10,0,0.3070060980619864,0
132,144,-117.00000000000009,10,0,0.3066990919639244,0
133,67,22.049999999999965,10,0,0.3063923928719605,0
134,33,-25.049999999999997,10,0,0.30608600047908857,0
135,62,-78.59999999999998,10,0,0.30577991447860947,0
136,32,64.44999999999999,10,0,0.30547413456413086,0
137,91,-1.9500000000000277,10,0,0.30516866042956675,0
138,61,28.099999999999998,10,0,0.3048634917691372,0
139,61,49.39999999999999,10,0,0.30455862827736807,0
140,75,-87.44999999999997,10,0,0.3042540696490907,0
141,74,-33.4,0,0,0.3039498155794416,0
142,35,49.19999999999998,10,0,0.30364586576386215,0
143,77,-37.499999999999964,10,0,0.3033422198980983,0
144,30,-0.19999999999999574,10,0,0.3030388776782002,0
145,32,49.44999999999999,10,0,0.302735838800522,0
146,92,-68.24999999999997,10,0,0.3024331029617215,0
147,67,15.100000000000026,10,0,0.30213066985875975,0
148,60,22.95,10,0,0.301828539188901,0
149,74,-31.89999999999999,10,0,0.3015267106497121,0
150,68,-32.3,10,0,0.3012251839390624,0
151,62,-47.8,10,0,0.30092395875512334,0
152,27,49.55,10,0,0.3006230347963682,0
153,165,-53.100000000000165,10,0,0.3003224117615718,0
154,5,0.2,0,0,0.30002208934981023,0
155,55,-35.34999999999999,10,0,0.2997220672604604,0
156,26,30.150000000000002,10,0,0.29942234519319993,0
157,9,-15.250000000000002,0,0,0.29912292284800673,0
158,74,93.04999999999988,10,0,0.29882379992515873,0
159,84,17.899999999999945,10,0,0.29852497612523354,0
160,9,-15.250000000000002,0,0,0.2982264511491083,0
161,9,-0.19999999999999996,10,0,0.29792822469795915,0
162,61,69.29999999999998,10,0,0.29763029647326117,0
163,77,59.79999999999994,10,0,0.2973326661767879,0
164,62,57.75,10,0,0.2970353335106111,0
165,29,29.250000000000004,10,0,0.2967382981771005,0
166,30,64.09999999999995,10,0,0.2964415598789234,0
167,31,-14.799999999999994,10,0,0.2961451183190445,0
168,61,54.100000000000016,10,0,0.29584897320072545,0
169,28,19.45,10,0,0.2955531242275247,0
170,92,-5.699999999999974,10,0,0.2952575711032972,0
171,75,11.650000000000016,10,0,0.2949623135321939,0
172,71,-3.4499999999999993,10,0,0.29466735121866167,0
173,62,62.80000000000001,10,0,0.29437268386744303,0
174,71,-12.249999999999993,10,0,0.2940783111835756,0
175,67,-41.55000000000001,10,0,0.293784232872392,0
176,35,14.049999999999986,10,0,0.2934904486395196,0
177,102,20.600000000000005,10,0,0.2931969581908801,0
178,65,-17.55,0,0,0.29290376123268924,0
179,77,66.99999999999994,10,0,0.29261085747145654,0
180,72,88.44999999999996,10,0,0.2923182466139851,0
181,32,49.74999999999999,10,0,0.2920259283673711,0
182,28,75.55,10,0,0.29173390243900377,0
183,29,19.249999999999996,10,0,0.29144216853656474,0
184,71,-12.249999999999982,10,0,0.2911507263680282,0
185,33,94.09999999999995,10,0,0.29085957564166015,0
186,5,0.2,0,0,0.2905687160660185,0
187,9,-0.19999999999999996,10,0,0.29027814734995244,0
188,5,0.2,0,0,0.2899878692026025,0
189,9,-0.19999999999999996,10,0,0.2896978813333999,0
190,61,39.04999999999997,10,0,0.28940818345206654,0
191,30,44.29999999999998,10,0,0.28911877526861446,0
192,74,-3.1999999999999673,10,0,0.28882965649334585,0
193,9,-0.19999999999999996,10,0,0.2885408268368525,0
194,57,-12.09999999999998,10,0,0.2882522860100157,0
195,69,27.65000000000001,10,0,0.28796403372400564,0
196,33,59.1,10,0,0.28767606969028164,0
197,64,48.09999999999998,10,0,0.2873883936205914,0
198,27,44.349999999999994,10,0,0.2871010052269708,0
199,61,48.64999999999996,10,0,0.2868139042217438,0
200,61,-17.49999999999999,10,0,0.28652709031752205,0
201,31,94.29999999999997,10,0,0.28624056322720454,0
202,27,54.4,10,0,0.28595432266397736,0
203,65,28.949999999999985,10,0,0.2856683683413134,0
204,51,243.24999999999994,20,1,0.28538269997297205,0
205,72,47.1999999999999,10,0,0.2850973172729991,0
206,62,42.89999999999998,10,0,0.2848122199557261,0
207,32,29.549999999999997,10,0,0.28452740773577034,0
208,68,73.44999999999995,10,0,0.2842428803280346,0
209,66,54.85,10,0,0.28395863744770655,0
210,67,7.650000000000002,10,0,0.2836746788102588,0
211,74,-32.499999999999986,10,0,0.2833910041314486,0
212,65,7.550000000000015,10,0,0.28310761312731714,0
213,77,57.700000000000024,10,0,0.2828245055141898,0
214,62,58.49999999999997,10,0,0.2825416810086756,0
215,62,7.9000000000000234,10,0,0.28225913932766694,0
216,28,79.44999999999997,10,0,0.2819768801883393,0
217,56,-10.099999999999994,10,0,0.28169490330815095,0
218,66,46.99999999999994,10,0,0.2814132084048428,0
219,61,44.24999999999994,10,0,0.28113179519643794,0
220,59,17.900000000000013,10,0,0.2808506634012415,0
221,66,92.44999999999993,10,0,0.28056981273784026,0
222,30,63.99999999999997,10,0,0.28028924292510243,0
223,63,213.45,20,1,0.2800089536821773,0
224,104,1.9000000000000057,10,0,0.27972894472849513,0
225,56,0.049999999999999295,10,0,0.27944921578376664,0
226,99,11.000000000000009,10,0,0.27916976656798287,0
227,29,-0.25,10,0,0.27889059680141487,0
228,41,58.900000000000006,10,0,0.27861170620461345,0
229,65,63.049999999999955,10,0,0.2783330944984088,0
230,30,29.450000000000006,10,0,0.2780547614039104,0
231,67,32.70000000000001,10,0,0.2777767066425065,0
232,32,9.25,10,0,0.27749892993586395,0
233,6,-29.900000000000002,0,0,0.2772214310059281,0
234,32,29.450000000000003,10,0,0.27694420957492216,0
235,72,-33.29999999999999,10,0,0.27666726536534725,0
236,5,0.2,0,0,0.2763905980999819,0
237,26,49.89999999999999,10,0,0.2761142075018819,0
238,59,22.449999999999978,10,0,0.27583809329438,0
239,67,72.69999999999993,10,0,0.2755622552010856,0
240,29,29.550000000000008,10,0,0.27528669294588454,0
241,34,39.15,10,0,0.27501140625293863,0
242,27,29.800000000000004,10,0,0.2747363948466857,0
243,101,-28.2,10,0,0.274461658451839,0
244,34,-1.0999999999999943,10,0,0.27418719679338716,0
245,33,73.99999999999996,10,0,0.27391300959659376,0
246,47,78.49999999999999,10,0,0.27363909658699714,0
247,34,29.250000000000004,10,0,0.27336545749041014,0
248,83,-33.85,0,0,0.27309209203291973,0
249,56,-2.14999999999999,10,0,0.2728189999408868,0
250,35,19.05,10,0,0.27254618094094596,0
251,71,62.54999999999994,10,0,0.272273634760005,0
252,66,47.59999999999995,10,0,0.272001361125245,0
253,79,27.250000000000004,10,0,0.2717293597641197,0
254,27,49.64999999999999,10,0,0.2714576304043556,0
255,30,29.200000000000014,10,0,0.27118617277395124,0
256,39,78.69999999999993,10,0,0.2709149866011773,0
257,63,27.75000000000001,10,0,0.2706440716145761,0
258,68,42.39999999999996,10,0,0.2703734275429615,0
259,28,49.499999999999986,10,0,0.2701030541154186,0
260,75,75.79999999999993,10,0,0.2698329510613032,0
261,28,59.85,10,0,0.26956311811024186,0
262,36,29.450000000000003,10,0,0.26929355499213165,0
263,30,49.39999999999999,10,0,0.26902426143713953,0
264,32,60.34999999999999,10,0,0.2687552371757024,0
265,27,59.500000000000014,10,0,0.2684864819385267,0
266,34,49.349999999999994,10,0,0.2682179954565882,0
267,78,77.0499999999999,10,0,0.26794977746113163,0
268,55,23.749999999999996,10,0,0.2676818276836705,0
269,33,29.2,10,0,0.26741414585598683,0
270,57,-12.349999999999994,10,0,0.26714673171013087,0
271,29,29.250000000000004,10,0,0.26687958497842074,0
272,32,29.350000000000005,10,0,0.26661270539344234,0
273,31,49.19999999999999,10,0,0.2663460926880489,0
274,59,38.1,10,0,0.2660797465953608,0
275,39,28.950000000000006,10,0,0.26581366684876545,0
276,33,49.09999999999999,10,0,0.2655478531819167,0
277,42,48.89999999999999,10,0,0.2652823053287348,0
278,33,18.949999999999992,10,0,0.2650170230234061,0
279,34,18.99999999999999,10,0,0.2647520060003827,0
280,29,29.549999999999994,10,0,0.2644872539943823,0
281,27,49.54999999999998,10,0,0.2642227667403879,0
282,66,9.75000000000001,10,0,0.26395854397364754,0
283,62,53.45,10,0,0.2636945854296739,0
284,6,-29.900000000000002,0,0,0.2634308908442442,0
285,56,-7.29999999999999,10,0,0.26316745995339996,0
286,63,8.25000000000001,10,0,0.26290429249344655,0
287,79,87.59999999999988,10,0,0.2626413882009531,0
288,34,28.95,10,0,0.26237874681275214,0
289,48,20.700000000000014,10,0,0.2621163680659394,0
290,28,49.29999999999998,10,0,0.26185425169787346,0
291,35,-40.95,10,0,0.2615923974461756,0
292,62,43.79999999999998,10,0,0.2613308050487294,0
293,32,-10.84999999999999,10,0,0.26106947424368065,0
294,61,38.1,10,0,0.26080840476943695,0
295,27,24.450000000000006,10,0,0.2605475963646675,0
296,28,25.600000000000012,10,0,0.26028704876830283,0
297,33,40.04999999999997,10,0,0.26002676171953454,0
298,46,60.099999999999994,10,0,0.259766734957815,0
299,31,9.6,10,0,0.2595069682228572,0
300,54,-42.099999999999994,10,0,0.2592474612546343,0
301,57,-32.1,10,0,0.2589882137933797,0
302,61,-2.7500000000000036,10,0,0.25872922557958633,0
303,57,43.44999999999996,10,0,0.25847049635400676,0
304,6,-29.900000000000002,0,0,0.25821202585765274,0
305,66,7.350000000000006,10,0,0.2579538138317951,0
306,57,23.049999999999965,10,0,0.2576958600179633,0
307,13,-30.55,0,0,0.25743816415794535,0
308,57,23.100000000000005,10,0,0.2571807259937874,0
309,68,-40.500000000000014,10,0,0.2569235452677936,0
310,77,21.950000000000006,10,0,0.2566666217225258,0
311,71,17.650000000000016,10,0,0.2564099551008033,0
312,31,41.40000000000001,10,0,0.2561535451457025,0
313,73,-15.64999999999997,10,0,0.2558973916005568,0
314,60,3.5000000000000036,10,0,0.25564149420895627,0
315,57,7.650000000000009,10,0,0.2553858527147473,0
316,5,0.2,0,0,0.25513046686203256,0
317,72,41.39999999999988,10,0,0.2548753363951705,0
318,29,44.349999999999994,10,0,0.25462046105877534,0
319,65,-37.9,10,0,0.25436584059771655,0
320,28,94.34999999999998,10,0,0.2541114747571188,0
321,59,32.45,10,0,0.2538573632823617,0
322,62,-22.399999999999995,10,0,0.2536035059190793,0
323,29,49.69999999999999,10,0,0.25334990241316024,0
324,72,27.799999999999937,10,0,0.2530965525107471,0
325,70,-37.8000000000001,10,0,0.2528434559582363,0
326,60,2.3999999999999595,10,0,0.2525906125022781,0
327,43,63.64999999999999,10,0,0.25233802188977583,0
328,64,48.099999999999966,10,0,0.25208568386788605,0
329,77,30.150000000000002,10,0,0.2518335981840182,0
330,59,58.54999999999987,10,0,0.25158176458583414,0
331,60,15.400000000000023,10,0,0.2513301828212483,0
332,55,4.6500000000000234,10,0,0.25107885263842705,0
333,31,79.19999999999996,10,0,0.25082777378578863,0
334,75,3.799999999999997,0,0,0.25057694601200287,0
335,97,-35.999999999999986,10,0,0.2503263690659909,0
336,151,-57.05000000000004,10,0,0.2500760426969249,0
337,28,39.35,10,0,0.249825966654228,0
338,60,43.599999999999966,10,0,0.24957614068757375,0
339,39,79.29999999999995,10,0,0.24932656454688618,0
340,64,62.699999999999946,10,0,0.2490772379823393,0
341,74,25.100000000000012,10,0,0.24882816074435696,0
342,93,71.09999999999982,10,0,0.2485793325836126,0
343,40,49.099999999999966,10,0,0.24833075325102896,0
344,27,56.55000000000001,10,0,0.24808242249777793,0
345,34,79.14999999999996,10,0,0.24783434007528016,0
346,109,42.04999999999984,10,0,0.24758650573520488,0
347,101,-14.049999999999997,10,0,0.24733891922946968,0
348,30,49.199999999999974,10,0,0.24709158031024023,0
349,67,-6.2000000000000615,10,0,0.24684448872992998,0
350,28,60.39999999999998,10,0,0.24659764424120004,0
351,27,64.34999999999998,10,0,0.24635104659695883,0
352,27,64.85,10,0,0.24610469555036188,0
353,29,49.3,10,0,0.24585859085481152,0
354,103,39.00000000000004,10,0,0.2456127322639567,0
355,29,64.34999999999995,10,0,0.24536711953169274,0
356,5,0.2,0,0,0.24512175241216105,0
357,31,19.049999999999986,10,0,0.2448766306597489,0
358,30,49.499999999999986,10,0,0.24463175402908915,0
359,57,8.000000000000036,10,0,0.24438712227506007,0
360,26,49.8,10,0,0.244142735152785,0
361,28,64.29999999999997,10,0,0.24389859241763223,0
362,30,-20.799999999999997,10,0,0.2436546938252146,0
363,28,49.29999999999998,10,0,0.2434110391313894,0
364,61,48.1,10,0,0.243167628092258,0
365,31,49.049999999999955,10,0,0.24292446046416574,0
366,30,60.3,10,0,0.24268153600370157,0
367,30,60.199999999999974,10,0,0.24243885446769786,0
368,5,0.2,0,0,0.24219641561323016,0
369,28,9.3,10,0,0.24195421919761692,0
370,30,64.29999999999997,10,0,0.2417122649784193,0
371,30,49.29999999999998,10,0,0.24147055271344087,0
372,26,19.699999999999985,10,0,0.24122908216072741,0
373,35,-14.150000000000002,10,0,0.24098785307856668,0
374,34,93.94999999999996,10,0,0.2407468652254881,0
375,5,0.2,0,0,0.24050611836026262,0
376,55,-6.949999999999989,10,0,0.24026561224190235,0
377,68,23.799999999999994,10,0,0.24002534662966044,0
378,27,49.54999999999998,10,0,0.23978532128303076,0
379,61,68.69999999999995,10,0,0.23954553596174774,0
380,31,29.4,10,0,0.23930599042578599,0
381,34,45.099999999999966,10,0,0.2390666844353602,0
382,30,34.0,10,0,0.23882761775092484,0
383,70,62.499999999999915,10,0,0.2385887901331739,0
384,33,48.94999999999996,10,0,0.23835020134304075,0
385,63,58.449999999999974,10,0,0.2381118511416977,0
386,78,-24.000000000000014,10,0,0.237873739290556,0
387,38,63.79999999999997,10,0,0.23763586555126545,0
388,37,25.050000000000008,10,0,0.2373982296857142,0
389,32,79.14999999999995,10,0,0.23716083145602848,0
390,70,-32.39999999999999,10,0,0.23692367062457245,0
391,71,-36.65000000000001,10,0,0.23668674695394787,0
392,33,59.999999999999986,10,0,0.2364500602069939,0
393,69,44.049999999999955,10,0,0.2362136101467869,0
394,31,29.350000000000005,10,0,0.23597739653664013,0
395,34,-0.6999999999999957,10,0,0.2357414191401035,0
396,77,-17.899999999999977,10,0,0.2355056777209634,0
397,70,47.39999999999988,10,0,0.23527017204324244,0
398,73,-7.8000000000000185,10,0,0.2350349018711992,0
399,29,49.24999999999997,10,0,0.23479986696932797,0
400,9,19.849999999999998,10,0,0.23456506710235864,0
401,38,25.099999999999998,10,0,0.23433050203525627,0
402,29,14.449999999999985,10,0,0.23409617153322101,0
403,33,59.300000000000004,10,0,0.2338620753616878,0
404,35,4.999999999999998,10,0,0.2336282132863261,0
405,41,8.900000000000006,10,0,0.23339458507303978,0
406,5,0.2,0,0,0.23316119048796674,0
407,12,19.999999999999996,10,0,0.23292802929747877,0
408,31,20.299999999999994,10,0,0.2326951012681813,0
409,9,-0.19999999999999996,10,0,0.2324624061669131,0
410,32,64.14999999999996,10,0,0.23222994376074618,0
411,44,-6.300000000000004,10,0,0.23199771381698545,0
412,30,5.550000000000002,10,0,0.23176571610316846,0
413,29,-10.649999999999991,10,0,0.23153395038706528,0
414,66,43.299999999999955,10,0,0.23130241643667823,0
415,59,-12.150000000000002,10,0,0.23107111402024155,0
416,77,-45.79999999999996,10,0,0.23084004290622132,0
417,27,49.44999999999999,10,0,0.2306092028633151,0
418,73,-3.549999999999976,10,0,0.2303785936604518,0
419,35,43.4,10,0,0.23014821506679134,0
420,55,28.050000000000022,10,0,0.22991806685172456,0
421,72,92.24999999999996,10,0,0.22968814878487284,0
422,73,88.19999999999995,10,0,0.22945846063608796,0
423,71,29.400000000000013,10,0,0.22922900217545186,0
424,31,79.19999999999999,10,0,0.2289997731732764,0
425,77,0.10000000000000657,10,0,0.22877077340010313,0
426,7,2.7755575615628914e-17,0,0,0.22854200262670302,0
427,33,90.19999999999997,10,0,0.22831346062407631,0
428,77,83.69999999999989,10,0,0.22808514716345224,0
429,36,59.25,10,0,0.22785706201628877,0
430,84,-33.79999999999998,10,0,0.2276292049542725,0
431,34,64.25,10,0,0.2274015757493182,0
432,34,29.15000000000001,10,0,0.2271741741735689,0
433,57,-32.54999999999998,10,0,0.22694699999939533,0
434,105,-1.7499999999999822,10,0,0.22672005299939593,0
435,34,34.95,10,0,0.22649333294639654,0
436,34,29.049999999999994,10,0,0.22626683961345015,0
437,62,-42.4,10,0,0.2260405727738367,0
438,71,52.199999999999875,10,0,0.22581453220106287,0
439,38,64.24999999999999,10,0,0.22558871766886182,0
440,39,14.099999999999998,10,0,0.22536312895119295,0
441,30,25.35,10,0,0.22513776582224176,0
442,35,-5.149999999999995,10,0,0.2249126280564195,0
443,31,15.74999999999999,10,0,0.2246877154283631,0
444,57,2.9499999999999424,10,0,0.22446302771293475,0
445,100,21.00000000000001,10,0,0.22423856468522183,0
446,32,79.24999999999997,10,0,0.2240143261205366,0
447,56,8.999999999999982,10,0,0.22379031179441605,0
448,63,38.34999999999998,10,0,0.22356652148262163,0
449,57,57.999999999999886,10,0,0.223342954961139,0
450,34,39.25,10,0,0.2231196120061779,0
451,56,80.54999999999998,10,0,0.2228964923941717,0
452,57,8.300000000000002,10,0,0.22267359590177752,0
453,54,-20.19999999999999,10,0,0.22245092230587574,0
454,62,62.59999999999998,10,0,0.22222847138356985,0
455,60,42.29999999999997,10,0,0.2220062429121863,0
456,77,68.19999999999992,10,0,0.2217842366692741,0
457,64,8.099999999999984,10,0,0.22156245243260483,0
458,76,71.8499999999999,10,0,0.22134088998017223,0
459,58,48.7499999999999,10,0,0.22111954909019207,0
460,75,17.25000000000001,10,0,0.2208984295411019,0
461,81,-6.1500000000000306,10,0,0.2206775311115608,0
462,64,-17.8,0,0,0.22045685358044922,0
463,75,-3.949999999999992,10,0,0.2202363967268688,0
464,77,39.30000000000004,10,0,0.22001616033014193,0
465,58,15.899999999999988,10,0,0.21979614416981177,0
466,58,28.100000000000012,10,0,0.21957634802564197,0
467,56,34.69999999999993,10,0,0.21935677167761633,0
468,77,53.10000000000002,10,0,0.21913741490593872,0
469,35,45.2,10,0,0.21891827749103276,0
470,58,4.049999999999995,10,0,0.21869935921354172,0
471,56,-31.59999999999999,10,0,0.21848065985432819,0
472,57,28.850000000000005,10,0,0.21826217919447385,0
473,27,79.59999999999998,10,0,0.2180439170152794,0
474,25,-0.649999999999995,10,0,0.21782587309826412,0
475,24,49.75,10,0,0.21760804722516586,0
476,28,49.499999999999986,10,0,0.21739043917794068,0
477,68,-42.999999999999986,10,0,0.21717304873876275,0
478,39,78.89999999999995,10,0,0.216955875690024,0
479,33,63.949999999999946,10,0,0.216738919814334,0
480,24,-0.09999999999999787,10,0,0.21652218089451966,0
481,28,79.44999999999997,10,0,0.21630565871362514,0
482,8,-15.100000000000001,0,0,0.2160893530549115,0
483,35,89.79999999999997,10,0,0.21587326370185658,0
484,29,79.6,10,0,0.21565739043815474,0
485,30,9.400000000000002,10,0,0.21544173304771658,0
486,28,40.5,10,0,0.21522629131466886,0
487,59,47.64999999999985,10,0,0.21501106502335418,0
488,26,29.40000000000001,10,0,0.21479605395833082,0
489,68,58.699999999999946,10,0,0.2145812579043725,0
490,77,18.999999999999954,10,0,0.2143666766464681,0
491,30,-4.799999999999997,10,0,0.21415230996982165,0
492,69,37.3,10,0,0.21393815765985183,0
493,51,63.44999999999996,10,0,0.21372421950219198,0
494,86,-73.69999999999997,10,0,0.21351049528268978,0
495,56,-54.19999999999999,10,0,0.21329698478740708,0
496,35,29.100000000000005,10,0,0.21308368780261966,0
497,84,252.29999999999998,20,1,0.21287060411481704,0
498,60,3.5000000000000107,10,0,0.21265773351070222,0
499,71,3.1500000000000163,10,0,0.21244507577719152,0
500,62,27.90000000000001,10,0,0.21223263070141432,0
501,35,-11.099999999999994,10,0,0.2120203980707129,0
502,63,8.049999999999915,10,0,0.21180837767264218,0
503,34,-11.049999999999995,10,0,0.21159656929496953,0
504,33,49.49999999999999,10,0,0.21138497272567455,0
505,33,79.09999999999997,10,0,0.21117358775294887,0
506,41,49.24999999999997,10,0,0.21096241416519593,0
507,32,259.4,20,1,0.21075145175103074,0
508,43,258.85,20,1,0.2105407002992797,0
509,35,48.94999999999998,10,0,0.21033015959898044,0
510,33,29.4,10,0,0.21011982943938146,0
511,65,78.59999999999998,10,0,0.20990970960994207,0
512,34,-50.099999999999994,10,0,0.20969979990033213,0
513,60,42.25,10,0,0.20949010010043181,0
514,58,50.65000000000002,10,0,0.20928061000033138,0
515,60,177.70000000000002,20,1,0.20907132939033105,0
516,33,29.149999999999995,10,0,0.20886225806094072,0
517,57,62.999999999999986,10,0,0.20865339580287978,0
518,61,12.649999999999995,10,0,0.2084447424070769,0
519,61,57.90000000000002,10,0,0.2082362976646698,0
520,35,43.899999999999984,10,0,0.20802806136700513,0
521,6,-29.900000000000002,0,0,0.20782003330563814,0
522,44,250.8,20,1,0.2076122132723325,0
523,64,92.74999999999997,20,1,0.20740460105906017,0
524,33,-1.0499999999999936,10,0,0.2071971964580011,0
525,34,29.049999999999997,10,0,0.2069899992615431,0
526,64,37.25000000000002,10,0,0.20678300926228155,0
527,74,92.14999999999996,10,0,0.20657622625301927,0
528,34,-1.199999999999985,10,0,0.20636965002676624,0
529,34,18.799999999999994,10,0,0.20616328037673948,0
530,33,25.000000000000014,10,0,0.20595711709636275,0
531,57,-56.55,10,0,0.20575115997926638,0
532,26,259.4,20,1,0.20554540881928712,0
533,55,43.04999999999997,10,0,0.20533986341046784,0
534,61,278.04999999999995,20,1,0.20513452354705736,0
535,98,41.19999999999982,10,0,0.2049293890235103,0
536,65,80.8,10,0,0.2047244596344868,0
537,63,88.29999999999998,20,1,0.2045197351748523,0
538,55,4.750000000000011,10,0,0.20431521543967746,0
539,63,47.349999999999966,10,0,0.20411090022423778,0
540,62,48.29999999999994,10,0,0.20390678932401354,0
541,34,48.849999999999994,10,0,0.20370288253468952,0
542,32,254.5,20,1,0.20349917965215483,0
543,31,48.95,10,0,0.20329568047250268,0
544,59,93.29999999999997,10,0,0.20309238479203018,0
545,30,19.199999999999992,10,0,0.20288929240723816,0
546,56,42.849999999999994,10,0,0.2026864031148309,0
547,65,47.949999999999974,10,0,0.20248371671171608,0
548,28,49.29999999999998,10,0,0.20228123299500436,0
549,66,8.84999999999998,10,0,0.20207895176200935,0
550,57,51.40000000000002,10,0,0.20187687281024735,0
551,38,48.799999999999955,10,0,0.2016749959374371,0
552,96,72.54999999999991,10,0,0.20147332094149967,0
553,28,39.55000000000001,20,1,0.20127184762055816,0
554,141,-40.04999999999997,10,0,0.2010705757729376,0
555,56,39.85000000000001,10,0,0.20086950519716468,0
556,58,93.14999999999998,10,0,0.20066863569196752,0
557,51,63.24999999999997,10,0,0.20046796705627556,0
558,77,-11.999999999999984,10,0,0.2002674990892193,0
559,77,6.949999999999999,10,0,0.20006723159013007,0
560,67,42.74999999999994,10,0,0.19986716435853993,0
561,70,62.699999999999974,10,0,0.1996672971941814,0
562,107,5.850000000000005,10,0,0.19946762989698721,0
563,59,272.74999999999994,20,1,0.19926816226709024,0
564,61,12.449999999999992,10,0,0.19906889410482315,0
565,56,32.79999999999998,10,0,0.19886982521071833,0
566,47,63.44999999999999,10,0,0.1986709553855076,0
567,61,-2.649999999999995,10,0,0.1984722844301221,0
568,96,-57.45000000000001,10,0,0.19827381214569198,0
569,83,42.24999999999994,10,0,0.1980755383335463,0
570,46,43.400000000000006,10,0,0.19787746279521276,0
571,46,259.0,20,1,0.19767958533241756,0
572,34,25.150000000000002,10,0,0.19748190574708513,0
573,39,79.09999999999994,10,0,0.19728442384133804,0
574,61,62.749999999999986,10,0,0.1970871394174967,0
575,60,62.349999999999994,10,0,0.1968900522780792,0
576,76,-11.999999999999972,10,0,0.19669316222580113,0
577,40,278.69999999999993,20,1,0.19649646906357532,0
578,62,92.24999999999994,20,1,0.19629997259451173,0
579,82,47.09999999999995,10,0,0.19610367262191722,0
580,28,79.44999999999999,10,0,0.1959075689492953,0
581,77,29.00000000000003,10,0,0.195711661380346,0
582,72,11.400000000000002,10,0,0.19551594971896566,0
583,47,48.249999999999986,10,0,0.19532043376924668,0
584,78,72.34999999999995,10,0,0.19512511333547744,0
585,63,-8.049999999999994,10,0,0.19492998822214197,0
586,36,78.74999999999997,10,0,0.19473505823391982,0
587,64,92.64999999999995,20,1,0.1945403231756859,0
588,46,63.29999999999998,10,0,0.19434578285251022,0
589,49,43.04999999999997,10,0,0.1941514370696577,0
590,62,-31.899999999999988,10,0,0.19395728563258804,0
591,63,57.80000000000001,20,1,0.19376332834695545,0
592,85,291.04999999999984,20,1,0.1935695650186085,0
593,60,42.99999999999997,10,0,0.19337599545358988,0
594,87,6.550000000000015,10,0,0.1931826194581363,0
595,7,2.7755575615628914e-17,0,0,0.19298943683867817,0
596,77,-10.899999999999991,10,0,0.1927964474018395,0
597,26,29.299999999999997,10,0,0.19260365095443766,0
598,54,257.7,20,1,0.1924110473034832,0
599,73,62.349999999999966,10,0,0.19221863625617974,0
600,62,12.799999999999994,10,0,0.19202641761992356,0
601,32,259.2,20,1,0.19183439120230364,0
602,48,63.09999999999998,10,0,0.19164255681110134,0
603,28,60.499999999999986,10,0,0.19145091425429026,0
604,27,25.650000000000002,10,0,0.19125946334003596,0
605,77,11.100000000000026,10,0,0.19106820387669593,0
606,57,-6.850000000000001,10,0,0.19087713567281922,0
607,70,33.65000000000001,10,0,0.1906862585371464,0
608,72,3.100000000000005,10,0,0.19049557227860925,0
609,76,-55.900000000000006,10,0,0.19030507670633065,0
610,33,34.249999999999986,10,0,0.1901147716296243,0
611,71,-13.349999999999987,10,0,0.1899246568579947,0
612,41,43.84999999999998,10,0,0.1897347322011367,0
613,32,29.250000000000004,10,0,0.18954499746893558,0
614,77,-3.949999999999971,10,0,0.18935545247146665,0
615,68,31.599999999999998,10,0,0.18916609701899517,0
616,58,73.34999999999997,10,0,0.18897693092197618,0
617,34,49.24999999999999,10,0,0.1887879539910542,0
618,34,24.950000000000006,10,0,0.18859916603706314,0
619,34,25.049999999999997,10,0,0.1884105668710261,0
620,35,75.09999999999998,10,0,0.18822215630415506,0
621,57,48.04999999999991,10,0,0.1880339341478509,0
622,34,63.949999999999996,10,0,0.18784590021370307,0
623,68,30.85000000000003,10,0,0.18765805431348936,0
624,45,278.3499999999999,20,1,0.1874703962591759,0
625,31,79.29999999999997,10,0,0.1872829258629167,0
626,33,25.2,10,0,0.18709564293705377,0
627,28,49.44999999999999,10,0,0.1869085472941167,0
628,33,25.100000000000005,10,0,0.1867216387468226,0
629,48,48.3,10,0,0.18653491710807577,0
630,28,59.35000000000001,20,1,0.1863483821909677,0
631,28,75.24999999999997,20,1,0.18616203380877672,0
632,33,218.75,20,1,0.18597587177496794,0
633,24,49.69999999999999,10,0,0.18578989590319298,0
634,28,79.24999999999997,20,1,0.18560410600728977,0
635,29,279.04999999999995,20,1,0.18541850190128248,0
636,46,278.4999999999999,20,1,0.1852330833993812,0
637,35,36.8,10,0,0.1850478503159818,0
638,28,59.250000000000014,20,1,0.18486280246566583,0
639,39,93.99999999999996,20,1,0.18467793966320017,0
640,33,-2.149999999999988,10,0,0.18449326172353697,0
641,34,28.90000000000001,10,0,0.18430876846181343,0
642,65,48.549999999999955,10,0,0.18412445969335162,0
643,43,278.24999999999994,20,1,0.18394033523365827,0
644,17,49.8,10,0,0.1837563948984246,0
645,38,258.6,20,1,0.18357263850352618,0
646,24,49.599999999999994,10,0,0.18338906586502265,0
647,46,28.300000000000008,10,0,0.18320567679915764,0
648,35,18.949999999999992,10,0,0.18302247112235848,0
649,27,74.59999999999998,20,1,0.1828394486512361,0
650,33,75.39999999999996,20,1,0.18265660920258486,0
651,77,-25.999999999999993,10,0,0.18247395259338228,0
652,33,49.1,10,0,0.1822914786407889,0
653,43,28.95,10,0,0.1821091871621481,0
654,31,94.29999999999997,10,0,0.18192707797498595,0
655,30,279.09999999999997,20,1,0.18174515089701096,0
656,41,274.65,20,1,0.18156340574611396,0
657,59,77.69999999999989,10,0,0.18138184234036783,0
658,49,48.34999999999992,10,0,0.18120046049802746,0
659,31,49.24999999999997,10,0,0.18101926003752944,0
660,41,278.84999999999997,20,1,0.18083824077749192,0
661,32,294.09999999999997,20,1,0.18065740253671442,0
662,31,279.04999999999995,20,1,0.1804767451341777,0
663,36,94.24999999999999,10,0,0.1802962683890435,0
664,38,279.0,20,1,0.18011597212065444,0
665,31,279.04999999999995,20,1,0.1799358561485338,0
666,66,62.39999999999989,10,0,0.17975592029238527,0
667,33,59.10000000000001,10,0,0.1795761643720929,0
668,17,49.79999999999999,10,0,0.1793965882077208,0
669,63,77.6999999999999,20,1,0.17921719161951308,0
670,57,31.900000000000038,10,0,0.17903797442789357,0
671,27,-0.14999999999999503,10,0,0.17885893645346568,0
672,27,49.44999999999999,10,0,0.1786800775170122,0
673,32,49.34999999999999,10,0,0.1785013974394952,0
674,40,78.84999999999997,20,1,0.1783228960420557,0
675,8,-15.100000000000001,0,0,0.17814457314601365,0
676,40,79.04999999999997,20,1,0.17796642857286762,0
677,27,9.549999999999994,10,0,0.17778846214429475,0
678,33,278.94999999999993,20,1,0.17761067368215044,0
679,26,49.499999999999986,10,0,0.17743306300846828,0
680,27,9.449999999999992,10,0,0.17725562994545982,0
681,31,278.94999999999993,20,1,0.17707837431551435,0
682,32,54.25,10,0,0.17690129594119883,0
683,30,49.2,10,0,0.17672439464525763,0
684,59,38.64999999999995,10,0,0.17654767025061238,0
685,39,74.29999999999995,20,1,0.17637112258036178,0
686,31,255.15,20,1,0.1761947514577814,0
687,28,79.64999999999999,10,0,0.17601855670632363,0
688,30,-24.799999999999986,10,0,0.1758425381496173,0
689,50,58.55000000000002,10,0,0.1756666956114677,0
690,64,78.04999999999993,20,1,0.17549102891585622,0
691,39,78.79999999999998,10,0,0.17531553788694035,0
692,81,-8.849999999999966,10,0,0.1751402223490534,0
693,33,29.300000000000004,10,0,0.17496508212670436,0
694,28,75.44999999999999,10,0,0.17479011704457767,0
695,72,16.650000000000034,10,0,0.1746153269275331,0
696,31,49.199999999999996,10,0,0.17444071160060556,0
697,30,45.19999999999999,10,0,0.17426627088900495,0
698,30,19.299999999999986,10,0,0.17409200461811594,0
699,49,44.34999999999998,10,0,0.17391791261349782,0
700,78,47.299999999999926,10,0,0.1737439947008843,0
701,75,33.149999999999906,10,0,0.17357025070618343,0
702,31,258.95,20,1,0.17339668045547724,0
703,32,40.150000000000006,10,0,0.17322328377502175,0
704,34,49.150000000000006,10,0,0.17305006049124672,0
705,31,79.2,10,0,0.17287701043075546,0
706,17,49.8,10,0,0.1727041334203247,0
707,31,48.95,10,0,0.17253142928690438,0
708,73,39.34999999999998,10,0,0.17235889785761746,0
709,13,49.99999999999999,10,0,0.17218653895975986,0
710,36,-19.149999999999984,10,0,0.1720143524208001,0
711,8,-15.100000000000001,0,0,0.17184233806837929,0
712,30,30.3,10,0,0.1716704957303109,0
713,30,279.09999999999997,20,1,0.1714988252345806,0
714,62,38.25000000000001,10,0,0.17132732640934603,0
715,25,29.550000000000008,10,0,0.1711559990829367,0
716,42,58.949999999999996,10,0,0.17098484308385375,0
717,63,28.500000000000014,10,0,0.1708138582407699,0
718,33,79.09999999999998,10,0,0.1706430443825291,0
719,63,47.94999999999993,10,0,0.1704724013381466,0
720,32,49.15,10,0,0.17030192893680846,0
721,25,49.55000000000001,10,0,0.17013162700787166,0
722,77,-18.449999999999992,10,0,0.16996149538086378,0
723,26,49.7,10,0,0.1697915338854829,0
724,66,-32.8,10,0,0.1696217423515974,0
725,45,69.99999999999997,10,0,0.1694521206092458,0
726,27,79.39999999999998,20,1,0.16928266848863655,0
727,57,-6.2499999999999964,10,0,0.1691133858201479,0
728,42,63.59999999999995,10,0,0.16894427243432775,0
729,46,278.3999999999999,20,1,0.16877532816189342,0
730,23,79.29999999999997,20,1,0.16860655283373152,0
731,31,258.95,20,1,0.16843794628089778,0
732,25,29.550000000000008,10,0,0.16826950833461687,0
733,27,29.249999999999996,10,0,0.16810123882628225,0
734,36,48.85,10,0,0.16793313758745596,0
735,16,49.849999999999994,10,0,0.1677652044498685,0
736,28,79.35,20,1,0.16759743924541864,0
737,33,63.949999999999974,10,0,0.16742984180617324,0
738,31,49.199999999999996,10,0,0.16726241196436706,0
739,55,9.850000000000012,10,0,0.16709514955240268,0
740,71,22.65000000000001,10,0,0.16692805440285027,0
741,33,-1.0499999999999936,10,0,0.16676112634844742,0
742,30,49.400000000000006,10,0,0.16659436522209897,0
743,33,29.05,10,0,0.16642777085687688,0
744,48,254.5,20,1,0.16626134308602,0
745,38,49.29999999999998,10,0,0.16609508174293397,0
746,30,11.200000000000006,10,0,0.16592898666119105,0
747,34,44.999999999999986,10,0,0.16576305767452987,0
748,33,14.950000000000006,10,0,0.16559729461685535,0
749,45,48.549999999999955,10,0,0.1654316973222385,0
750,33,48.949999999999974,10,0,0.16526626562491625,0
751,34,18.799999999999986,10,0,0.16510099935929134,0
752,31,19.149999999999988,10,0,0.16493589835993205,0
753,32,19.09999999999999,10,0,0.16477096246157213,0
754,30,18.99999999999999,10,0,0.16460619149911057,0
755,44,28.800000000000015,10,0,0.16444158530761147,0
756,33,29.10000000000001,10,0,0.16427714372230384,0
757,71,47.54999999999994,10,0,0.16411286657858154,0
758,36,9.3,10,0,0.16394875371200296,0
759,35,79.39999999999999,20,1,0.16378480495829095,0
760,30,-0.6999999999999993,10,0,0.16362102015333266,0
761,45,258.25,20,1,0.16345739913317933,0
762,32,25.05000000000001,10,0,0.16329394173404616,0
763,33,63.99999999999998,10,0,0.16313064779231212,0
764,28,29.500000000000004,10,0,0.16296751714451982,0
765,76,60.04999999999988,10,0,0.1628045496273753,0
766,48,44.3,10,0,0.16264174507774792,0
767,47,33.249999999999986,10,0,0.16247910333267018,0
768,107,32.64999999999989,10,0,0.16231662422933751,0
769,76,19.600000000000026,10,0,0.16215430760510818,0
770,65,92.89999999999998,20,1,0.16199215329750308,0
771,77,53.00000000000001,10,0,0.16183016114420556,0
772,37,78.99999999999997,10,0,0.16166833098306135,0
773,48,-5.699999999999989,10,0,0.1615066626520783,0
774,38,74.94999999999999,10,0,0.16134515598942623,0
775,33,56.19999999999998,10,0,0.1611838108334368,0
776,32,-8.999999999999982,10,0,0.16102262702260337,0
777,29,79.39999999999999,10,0,0.16086160439558075,0
778,82,24.950000000000014,10,0,0.16070074279118518,0
779,30,29.2,10,0,0.160540042048394,0
780,8,-15.100000000000001,0,0,0.1603795020063456,0
781,62,47.89999999999996,10,0,0.16021912250433926,0
782,51,58.09999999999992,10,0,0.16005890338183493,0
783,82,-47.25000000000002,10,0,0.1598988444784531,0
784,64,41.85,10,0,0.15973894563397464,0
785,30,49.69999999999999,10,0,0.15957920668834066,0
786,57,-2.3499999999999837,10,0,0.1594196274816523,0
787,67,-1.249999999999961,10,0,0.15926020785417067,0
788,28,64.39999999999996,10,0,0.1591009476463165,0
789,35,14.749999999999996,10,0,0.15894184669867018,0
790,30,49.39999999999999,10,0,0.1587829048519715,0
791,17,34.55,10,0,0.15862412194711953,0
792,94,29.899999999999903,10,0,0.1584654978251724,0
793,75,17.049999999999965,10,0,0.15830703232734725,0
794,33,45.1,10,0,0.1581487252950199,0
795,34,48.94999999999998,10,0,0.15799057656972487,0
796,40,93.84999999999994,10,0,0.15783258599315514,0
797,75,-41.550000000000004,10,0,0.15767475340716197,0
798,59,213.64999999999998,20,1,0.1575170786537548,0
799,36,79.04999999999994,10,0,0.15735956157510106,0
800,36,48.84999999999998,10,0,0.15720220201352597,0
801,81,-57.95000000000003,10,0,0.15704499981151243,0
802,48,55.59999999999998,10,0,0.15688795481170092,0
803,32,71.24999999999997,10,0,0.15673106685688923,0
804,63,257.24999999999994,20,1,0.15657433579003233,0
805,35,28.800000000000015,10,0,0.1564177614542423,0
806,57,-12.249999999999993,10,0,0.15626134369278805,0
807,17,64.8,10,0,0.15610508234909526,0
808,33,49.049999999999955,10,0,0.15594897726674617,0
809,31,44.19999999999997,10,0,0.1557930282894794,0
810,62,-11.899999999999974,10,0,0.15563723526118994,0
811,33,64.14999999999995,10,0,0.15548159802592876,0
812,25,49.54999999999998,10,0,0.15532611642790284,0
813,42,13.59999999999997,10,0,0.15517079031147493,0
814,30,49.29999999999997,10,0,0.15501561952116347,0
815,59,-12.249999999999986,10,0,0.1548606039016423,0
816,8,-15.100000000000001,0,0,0.15470574329774067,0
817,77,-7.949999999999971,10,0,0.15455103755444294,0
818,75,-11.549999999999997,10,0,0.1543964865168885,0
819,74,-10.899999999999977,10,0,0.15424209003037162,0
820,60,40.099999999999994,10,0,0.15408784794034125,0
821,74,2.400000000000052,10,0,0.1539337600924009,0
822,46,-21.499999999999986,10,0,0.1537798263323085,0
823,41,59.0,20,1,0.1536260465059762,0
824,46,-31.300000000000004,10,0,0.1534724204594702,0
825,24,29.399999999999995,10,0,0.15331894803901075,0
826,55,-10.150000000000023,10,0,0.15316562909097173,0
827,46,-11.399999999999988,10,0,0.15301246346188074,0
828,25,9.450000000000006,10,0,0.15285945099841886,0
829,8,-15.100000000000001,0,0,0.15270659154742044,0
830,30,79.44999999999997,20,1,0.15255388495587302,0
831,42,79.04999999999995,10,0,0.15240133107091713,0
832,31,49.349999999999966,10,0,0.15224892973984622,0
833,39,49.54999999999997,10,0,0.15209668081010638,0
834,40,278.99999999999994,20,1,0.1519445841292963,0
835,26,49.7,10,0,0.151792639545167,0
836,34,79.34999999999998,10,0,0.15164084690562182,0
837,42,58.95000000000002,20,1,0.1514892060587162,0
838,41,279.04999999999995,20,1,0.1513377168526575,0
839,25,49.599999999999994,10,0,0.15118637913580485,0
840,67,49.099999999999994,10,0,0.15103519275666905,0
841,67,80.69999999999997,10,0,0.15088415756391238,0
842,31,49.349999999999966,10,0,0.15073327340634846,0
843,40,273.79999999999995,20,1,0.15058254013294212,0
844,84,21.799999999999986,10,0,0.15043195759280917,0
845,58,62.49999999999994,10,0,0.15028152563521635,0
846,31,49.349999999999966,10,0,0.15013124410958115,0
847,38,49.19999999999999,10,0,0.14998111286547156,0
848,58,54.15,10,0,0.1498311317526061,0
849,25,49.64999999999999,10,0,0.1496813006208535,0
850,75,0.3500000000000263,10,0,0.14953161932023265,0
851,29,79.49999999999997,20,1,0.1493820877009124,0
852,84,38.899999999999906,10,0,0.1492327056132115,0
853,30,19.49999999999999,10,0,0.1490834729075983,0
854,143,-36.55000000000004,10,0,0.1489343894346907,0
855,59,43.549999999999955,10,0,0.148785455045256,0
856,60,48.199999999999974,10,0,0.14863666959021074,0
857,26,49.39999999999999,10,0,0.14848803292062052,0
858,46,44.400000000000006,10,0,0.1483395448876999,0
859,65,27.649999999999945,10,0,0.14819120534281222,0
860,28,79.44999999999999,10,0,0.1480430141374694,0
861,30,79.34999999999997,20,1,0.14789497112333191,0
862,31,49.14999999999999,10,0,0.14774707615220858,0
863,25,49.64999999999999,10,0,0.14759932907605638,0
864,32,278.9,20,1,0.14745172974698031,0
865,31,49.54999999999997,10,0,0.14730427801723334,0
866,28,279.09999999999997,20,1,0.1471569737392161,0
867,29,239.35,20,1,0.1470098167654769,0
868,25,49.55,10,0,0.14686280694871143,0
869,29,279.15,20,1,0.14671594414176273,0
870,8,-15.100000000000001,0,0,0.14656922819762097,0
871,25,29.450000000000006,10,0,0.14642265896942336,0
872,58,-26.29999999999999,10,0,0.14627623631045394,0
873,28,94.44999999999997,10,0,0.1461299600741435,0
874,60,19.700000000000014,10,0,0.14598383011406935,0
875,31,259.15,20,1,0.14583784628395527,0
876,47,48.34999999999992,10,0,0.14569200843767133,0
877,35,274.65,20,1,0.14554631642923366,0
878,25,94.69999999999999,10,0,0.14540077011280442,0
879,62,88.84999999999997,10,0,0.14525536934269162,0
880,34,18.99999999999999,10,0,0.14511011397334894,0
881,8,-15.100000000000001,0,0,0.14496500385937558,0
882,26,39.75,10,0,0.1448200388555162,0
883,28,278.99999999999994,20,1,0.14467521881666068,0
884,58,3.7000000000000135,10,0,0.144530543597844,0
885,30,64.19999999999997,10,0,0.14438601305424617,0
886,28,79.44999999999997,10,0,0.14424162704119192,0
887,28,94.54999999999997,10,0,0.14409738541415074,0
888,8,-15.100000000000001,0,0,0.14395328802873658,0
889,34,29.899999999999995,10,0,0.14380933474070784,0
890,57,48.14999999999996,10,0,0.14366552540596714,0
891,34,48.89999999999996,10,0,0.14352185988056118,0
892,61,47.74999999999996,10,0,0.14337833802068062,0
893,34,79.04999999999997,10,0,0.14323495968265992,0
894,33,60.19999999999999,10,0,0.14309172472297726,0
895,33,79.09999999999998,10,0,0.14294863299825428,0
896,33,79.09999999999998,10,0,0.14280568436525604,0
897,32,279.09999999999997,20,1,0.14266287868089078,0
898,8,-15.100000000000001,0,0,0.1425202158022099,0
899,28,79.44999999999997,10,0,0.14237769558640767,0
900,34,79.14999999999996,20,1,0.14223531789082125,0
901,28,75.44999999999997,10,0,0.14209308257293043,0
902,81,-44.14999999999996,10,0,0.1419509894903575,0
903,28,39.35,10,0,0.14180903850086715,0
904,38,28.999999999999996,10,0,0.1416672294623663,0
905,31,79.19999999999997,10,0,0.1415255622329039,0
906,59,4.7499999999999964,10,0,0.141384036670671,0
907,8,-15.100000000000001,0,0,0.14124265263400035,0
908,71,46.14999999999995,10,0,0.14110140998136636,0
909,32,25.25,10,0,0.140960308571385,0
910,33,75.19999999999997,10,0,0.14081934826281362,0
911,60,27.89999999999998,10,0,0.1406785289145508,0
912,34,44.89999999999998,10,0,0.14053785038563624,0
913,72,77.4499999999999,10,0,0.1403973125352506,0
914,27,79.39999999999998,10,0,0.14025691522271533,0
915,60,7.5000000000000036,10,0,0.14011665830749262,0
916,33,64.1,10,0,0.13997654164918513,0
917,143,8.600000000000001,20,1,0.13983656510753595,0
918,80,5.9000000000000234,10,0,0.1396967285424284,0
919,33,93.99999999999994,10,0,0.13955703181388598,0
920,76,4.300000000000043,10,0,0.1394174747820721,0
921,82,31.84999999999992,10,0,0.13927805730729,0
922,33,24.950000000000006,10,0,0.13913877924998272,0
923,30,278.9,20,1,0.13899964047073274,0
924,33,75.09999999999997,10,0,0.138860640830262,0
925,26,49.5,10,0,0.13872178018943174,0
926,27,49.44999999999999,10,0,0.13858305840924232,0
927,88,22.849999999999902,10,0,0.13844447535083307,0
928,63,7.850000000000019,10,0,0.13830603087548224,0
929,31,49.249999999999986,10,0,0.13816772484460677,0
930,30,49.19999999999999,10,0,0.13802955711976217,0
931,17,49.79999999999999,10,0,0.13789152756264242,0
932,31,49.14999999999998,10,0,0.13775363603507979,0
933,63,77.69999999999993,20,1,0.1376158823990447,0
934,38,49.099999999999966,10,0,0.13747826651664566,0
935,27,49.44999999999999,10,0,0.13734078825012902,0
936,27,49.449999999999974,10,0,0.1372034474618789,0
937,29,41.14999999999998,10,0,0.13706624401441703,0
938,41,-21.05000000000001,10,0,0.13692917777040262,0
939,36,278.79999999999995,20,1,0.13679224859263223,0
940,17,49.99999999999999,10,0,0.13665545634403958,0
941,15,49.8,10,0,0.13651880088769555,0
942,24,49.79999999999998,10,0,0.13638228208680786,0
943,49,48.749999999999986,10,0,0.13624589980472104,0
944,17,49.8,10,0,0.13610965390491633,0
945,32,79.14999999999996,10,0,0.1359735442510114,0
946,26,49.5,10,0,0.1358375707067604,0
947,30,49.39999999999999,10,0,0.13570173313605363,0
948,76,9.250000000000018,20,1,0.1355660314029176,0
949,17,49.8,10,0,0.13543046537151468,0
950,38,20.900000000000016,10,0,0.13529503490614317,0
951,33,24.950000000000014,10,0,0.13515973987123703,0
952,32,74.14999999999998,10,0,0.13502458013136578,0
953,64,3.500000000000025,10,0,0.1348895555512344,0
954,58,62.69999999999996,10,0,0.13475466599568317,0
955,84,30.900000000000002,10,0,0.13461991132968748,0
956,34,79.24999999999997,20,1,0.1344852914183578,0
957,62,64.54999999999997,20,1,0.13435080612693945,0
958,12,35.0,10,0,0.1342164553208125,0
959,33,270.04999999999995,20,1,0.1340822388654917,0
960,64,74.24999999999997,10,0,0.1339481566266262,0
961,14,50.05,10,0,0.13381420846999958,0
962,40,79.34999999999995,10,0,0.13368039426152958,0
963,33,19.049999999999994,10,0,0.13354671386726805,0
964,33,19.149999999999995,10,0,0.1334131671534008,0
965,41,25.249999999999996,10,0,0.1332797539862474,0
966,42,78.64999999999992,10,0,0.13314647423226114,0
967,31,49.09999999999999,10,0,0.13301332775802888,0
968,33,274.74999999999994,20,1,0.13288031443027085,0
969,57,63.24999999999997,10,0,0.13274743411584058,0
970,28,79.44999999999999,10,0,0.13261468668172474,0
971,64,92.94999999999996,10,0,0.13248207199504303,0
972,58,47.699999999999946,10,0,0.132349589923048,0
973,36,278.9,20,1,0.13221724033312493,0
974,34,29.050000000000004,10,0,0.1320850230927918,0
975,28,49.19999999999999,10,0,0.13195293806969902,0
976,70,61.59999999999992,10,0,0.13182098513162932,0
977,31,278.94999999999993,20,1,0.1316891641464977,0
978,74,27.200000000000006,10,0,0.1315574749823512,0
979,40,48.699999999999974,10,0,0.13142591750736884,0
980,61,292.3499999999999,20,1,0.13129449158986148,0
981,30,48.94999999999999,10,0,0.13116319709827162,0
982,34,79.14999999999996,20,1,0.13103203390117335,0
983,38,94.54999999999997,10,0,0.1309010018672722,0
984,63,48.44999999999996,10,0,0.13077010086540491,0
985,65,21.949999999999957,10,0,0.1306393307645395,0
986,59,43.7499999999999,10,0,0.13050869143377497,0
987,72,6.29999999999993,10,0,0.1303781827423412,0
988,77,23.999999999999915,10,0,0.13024780455959886,0
989,39,79.39999999999996,10,0,0.13011755675503928,0
990,60,38.29999999999997,10,0,0.12998743919828423,0
991,77,-21.90000000000001,10,0,0.12985745175908595,0
992,77,67.89999999999989,10,0,0.12972759430732686,0
993,34,48.94999999999999,10,0,0.12959786671301954,0
994,112,27.449999999999967,10,0,0.12946826884630652,0
995,27,49.650000000000006,10,0,0.12933880057746022,0
996,29,49.349999999999994,10,0,0.12920946177688275,0
997,65,78.2999999999999,10,0,0.12908025231510586,0
998,8,-15.100000000000001,0,0,0.12895117206279075,0
999,77,48.29999999999995,10,0,0.12882222089072795,0
1000,76,38.09999999999992,10,0,0.12869339866983723,0
1001,77,34.50000000000004,10,0,0.1285647052711674,0
1002,30,34.3,10,0,0.12843614056589622,0
1003,76,24.34999999999996,10,0,0.12830770442533032,0
1004,25,49.54999999999998,10,0,0.128179396720905,0
1005,46,28.40000000000001,10,0,0.1280512173241841,0
1006,33,293.8499999999999,20,1,0.12792316610685991,0
1007,76,26.450000000000042,10,0,0.12779524294075306,0
1008,26,49.499999999999986,10,0,0.1276674476978123,0
1009,25,29.650000000000002,10,0,0.12753978025011448,0
1010,56,39.69999999999992,10,0,0.12741224046986435,0
1011,33,90.09999999999997,10,0,0.1272848282293945,0
1012,64,77.94999999999989,10,0,0.12715754340116509,0
1013,58,58.05,10,0,0.1270303858577639,0
1014,8,-15.100000000000001,0,0,0.12690335547190615,0
1015,31,79.59999999999998,10,0,0.12677645211643424,0
1016,26,49.599999999999994,10,0,0.1266496756643178,0
1017,77,13.000000000000014,10,0,0.1265230259886535,0
1018,60,77.7499999999999,10,0,0.12639650296266486,0
1019,32,59.349999999999994,10,0,0.12627010645970219,0
1020,38,49.09999999999995,10,0,0.12614383635324247,0
1021,30,34.29999999999998,10,0,0.12601769251688924,0
1022,31,279.04999999999995,20,1,0.12589167482437236,0
1023,29,11.24999999999999,10,0,0.12576578314954798,0
1024,31,49.14999999999998,10,0,0.12564001736639843,0
1025,77,44.10000000000002,10,0,0.12551437734903204,0
1026,72,-7.499999999999943,10,0,0.125388862971683,0
1027,31,49.14999999999998,10,0,0.12526347410871133,0
1028,32,275.0,20,1,0.12513821063460262,0
1029,56,53.849999999999994,10,0,0.12501307242396803,0
1030,33,79.29999999999997,20,1,0.12488805935154407,0
1031,31,49.14999999999998,10,0,0.12476317129219253,0
1032,36,49.199999999999974,10,0,0.12463840812090034,0
1033,42,48.69999999999993,10,0,0.12451376971277944,0
1034,33,78.79999999999998,20,1,0.12438925594306666,0
1035,76,-71.79999999999997,10,0,0.1242648666871236,0
1036,66,15.050000000000026,10,0,0.12414060182043647,0
1037,66,30.05000000000002,10,0,0.12401646121861604,0
1038,30,49.39999999999998,10,0,0.12389244475739743,0
1039,33,258.65,20,1,0.12376855231264003,0
1040,33,278.6499999999999,20,1,0.12364478376032739,0
1041,32,94.04999999999995,10,0,0.12352113897656707,0
1042,31,29.40000000000001,10,0,0.1233976178375905,0
1043,62,25.65000000000003,20,1,0.12327422021975291,0
1044,31,49.349999999999966,10,0,0.12315094599953316,0
1045,26,49.59999999999998,10,0,0.12302779505353363,0
1046,26,49.39999999999999,10,0,0.1229047672584801,0
1047,30,49.29999999999997,10,0,0.12278186249122161,0
1048,24,29.500000000000004,10,0,0.12265908062873039,0
1049,33,78.89999999999995,10,0,0.12253642154810165,0
1050,37,49.249999999999986,10,0,0.12241388512655355,0
1051,32,79.44999999999996,10,0,0.12229147124142699,0
1052,47,8.449999999999964,10,0,0.12216917977018556,0
1053,59,45.800000000000026,20,1,0.12204701059041537,0
1054,26,49.89999999999999,10,0,0.12192496357982495,0
1055,34,79.04999999999995,20,1,0.12180303861624513,0
1056,44,48.19999999999993,10,0,0.12168123557762889,0
1057,27,49.44999999999999,10,0,0.12155955434205126,0
1058,39,49.34999999999995,10,0,0.12143799478770921,0
1059,35,278.84999999999997,20,1,0.1213165567929215,0
1060,26,49.499999999999986,10,0,0.12119524023612857,0
1061,26,49.7,10,0,0.12107404499589244,0
1062,31,279.04999999999995,20,1,0.12095297095089655,0
1063,48,0.3000000000000078,10,0,0.12083201797994565,0
1064,31,49.09999999999999,10,0,0.1207111859619657,0
1065,39,9.05,10,0,0.12059047477600374,0
1066,24,49.69999999999999,10,0,0.12046988430122774,0
1067,30,279.09999999999997,20,1,0.12034941441692651,0
1068,45,78.79999999999994,10,0,0.12022906500250959,0
1069,34,74.84999999999995,20,1,0.12010883593750708,0
1070,47,8.650000000000002,10,0,0.11998872710156958,0
1071,34,79.24999999999997,20,1,0.119868738374468,0
1072,42,48.39999999999992,10,0,0.11974886963609353,0
1073,25,49.64999999999999,10,0,0.11962912076645744,0
1074,29,79.49999999999999,20,1,0.11950949164569098,0
1075,63,30.10000000000002,20,1,0.1193899821540453,0
1076,31,278.94999999999993,20,1,0.11927059217189125,0
1077,37,49.14999999999998,10,0,0.11915132157971936,0
1078,31,278.74999999999994,20,1,0.11903217025813964,0
1079,29,45.34999999999998,10,0,0.1189131380878815,0
1080,32,278.79999999999995,20,1,0.11879422494979361,0
1081,31,278.84999999999997,20,1,0.11867543072484381,0
1082,30,259.3,20,1,0.11855675529411897,0
1083,77,16.000000000000025,10,0,0.11843819853882484,0
1084,30,278.9,20,1,0.11831976034028602,0
1085,24,64.59999999999998,10,0,0.11820144057994574,0
1086,47,48.74999999999993,10,0,0.11808323913936579,0
1087,28,279.29999999999995,20,1,0.11796515590022642,0
1088,29,64.34999999999998,10,0,0.1178471907443262,0
1089,39,78.39999999999993,20,1,0.11772934355358187,0
1090,31,278.84999999999997,20,1,0.11761161421002829,0
1091,29,275.04999999999995,20,1,0.11749400259581826,0
1092,65,43.84999999999995,10,0,0.11737650859322243,0
1093,36,49.29999999999998,10,0,0.11725913208462921,0
1094,65,35.749999999999986,10,0,0.11714187295254458,0
1095,77,22.500000000000046,10,0,0.11702473107959203,0
1096,38,54.14999999999999,10,0,0.11690770634851244,0
1097,47,54.90000000000002,10,0,0.11679079864216393,0
1098,35,49.099999999999994,10,0,0.11667400784352178,0
1099,38,45.099999999999994,10,0,0.11655733383567825,0
1100,32,279.19999999999993,20,1,0.11644077650184256,0
1101,37,9.450000000000006,10,0,0.11632433572534072,0
1102,32,49.34999999999999,10,0,0.11620801138961538,0
1103,48,35.5,10,0,0.11609180337822576,0
1104,77,60.09999999999988,10,0,0.11597571157484754,0
1105,31,279.15,20,1,0.1158597358632727,0
1106,36,49.599999999999966,10,0,0.11574387612740943,0
1107,37,9.550000000000008,10,0,0.11562813225128202,0
1108,31,278.94999999999993,20,1,0.11551250411903073,0
1109,46,48.89999999999998,10,0,0.1153969916149117,0
1110,32,49.74999999999999,10,0,0.11528159462329679,0
1111,76,10.099999999999984,10,0,0.11516631302867349,0
1112,77,-29.79999999999998,10,0,0.11505114671564481,0
1113,34,278.69999999999993,20,1,0.11493609556892917,0
1114,15,19.74999999999999,10,0,0.11482115947336025,0
1115,33,39.10000000000001,10,0,0.11470633831388688,0
1116,28,279.09999999999997,20,1,0.114591631975573,0
1117,32,49.349999999999994,10,0,0.11447704034359743,0
1118,30,278.9,20,1,0.11436256330325384,0
1119,39,38.80000000000001,10,0,0.11424820073995058,0
1120,77,26.149999999999945,10,0,0.11413395253921063,0
1121,59,62.84999999999995,10,0,0.11401981858667141,0
1122,75,34.30000000000004,10,0,0.11390579876808474,0
1123,76,-31.899999999999988,10,0,0.11379189296931665,0
1124,29,270.94999999999993,20,1,0.11367810107634733,0
1125,39,74.39999999999993,20,1,0.11356442297527099,0
1126,40,48.699999999999946,10,0,0.11345085855229571,0
1127,33,258.75,20,1,0.11333740769374341,0
1128,31,258.85,20,1,0.11322407028604967,0
1129,25,49.44999999999999,10,0,0.11311084621576362,0
1130,29,259.05,20,1,0.11299773536954785,0
1131,29,279.04999999999995,20,1,0.1128847376341783,0
1132,27,29.45,10,0,0.11277185289654412,0
1133,30,199.1,20,1,0.11265908104364758,0
1134,28,9.600000000000005,10,0,0.11254642196260393,0
1135,67,12.050000000000008,10,0,0.11243387554064133,0
1136,67,288.94999999999993,20,1,0.11232144166510069,0
1137,33,238.75,20,1,0.11220912022343559,0
1138,33,64.49999999999999,10,0,0.11209691110321215,0
1139,34,48.95,10,0,0.11198481419210894,0
1140,8,-15.100000000000001,0,0,0.11187282937791683,0
1141,30,278.9,20,1,0.11176095654853892,0
1142,26,29.599999999999998,10,0,0.11164919559199038,0
1143,66,63.59999999999994,10,0,0.11153754639639839,0
1144,31,279.04999999999995,20,1,0.11142600885000199,0
1145,29,279.04999999999995,20,1,0.11131458284115199,0
1146,46,63.29999999999998,10,0,0.11120326825831084,0
1147,59,257.75,20,1,0.11109206499005253,0
1148,26,49.39999999999999,10,0,0.11098097292506248,0
1149,63,88.49999999999999,20,1,0.11086999195213743,0
1150,46,63.29999999999998,10,0,0.1107591219601853,0
1151,47,48.34999999999998,10,0,0.11064836283822511,0
1152,62,92.34999999999992,20,1,0.11053771447538689,0
1153,42,78.44999999999996,20,1,0.1104271767609115,0
1154,33,19.149999999999995,10,0,0.1103167495841506,0
1155,41,63.74999999999997,10,0,0.11020643283456645,0
1156,34,19.499999999999996,10,0,0.11009622640173189,0
1157,27,49.849999999999994,10,0,0.10998613017533015,0
1158,55,-21.449999999999996,10,0,0.10987614404515482,0
1159,27,50.05,10,0,0.10976626790110966,0
1160,35,49.09999999999999,10,0,0.10965650163320854,0
1161,55,14.55,10,0,0.10954684513157534,0
1162,55,5.449999999999978,10,0,0.10943729828644376,0
1163,76,-13.250000000000007,10,0,0.10932786098815732,0
1164,39,79.59999999999998,10,0,0.10921853312716916,0
1165,65,-39.349999999999966,10,0,0.10910931459404198,0
1166,48,94.34999999999997,10,0,0.10900020527944794,0
1167,29,278.94999999999993,20,1,0.1088912050741685,0
1168,46,63.99999999999997,10,0,0.10878231386909433,0
1169,77,63.30000000000001,10,0,0.10867353155522523,0
1170,34,278.69999999999993,20,1,0.10856485802367001,0
1171,32,45.199999999999974,10,0,0.10845629316564634,0
1172,46,-4.699999999999999,10,0,0.10834783687248069,0
1173,33,274.65,20,1,0.1082394890356082,0
1174,32,278.9,20,1,0.10813124954657259,0
1175,64,68.94999999999995,20,1,0.10802311829702602,0
1176,32,49.34999999999999,10,0,0.10791509517872899,0
1177,38,49.099999999999994,10,0,0.10780718008355027,0
1178,58,293.0999999999999,20,1,0.10769937290346672,0
1179,38,49.199999999999974,10,0,0.10759167353056326,0
1180,35,8.900000000000006,10,0,0.10748408185703269,0
1181,61,-31.65000000000002,10,0,0.10737659777517566,0
1182,26,64.59999999999995,10,0,0.1072692211774005,0
1183,34,-0.8999999999999879,10,0,0.10716195195622309,0
1184,45,44.650000000000006,10,0,0.10705479000426688,0
1185,30,279.09999999999997,20,1,0.10694773521426261,0
1186,30,293.9,20,1,0.10684078747904835,0
1187,77,48.90000000000003,10,0,0.1067339466915693,0
1188,46,63.59999999999992,10,0,0.10662721274487773,0
1189,85,92.19999999999995,10,0,0.10652058553213285,0
1190,30,278.9,20,1,0.10641406494660072,0
1191,38,48.79999999999998,10,0,0.10630765088165411,0
1192,34,33.89999999999996,10,0,0.10620134323077246,0
1193,31,258.85,20,1,0.10609514188754168,0
1194,31,278.95,20,1,0.10598904674565414,0
1195,77,51.99999999999995,10,0,0.10588305769890849,0
1196,29,274.04999999999995,20,1,0.10577717464120959,0
1197,30,278.9,20,1,0.10567139746656838,0
1198,29,259.05,20,1,0.1055657260691018,0
1199,34,14.800000000000008,10,0,0.10546016034303271,0
1200,25,49.599999999999994,10,0,0.10535470018268968,0
1201,30,278.9,20,1,0.10524934548250699,0
1202,48,278.4,20,1,0.10514409613702448,0
1203,30,258.9,20,1,0.10503895204088745,0
1204,33,278.74999999999994,20,1,0.10493391308884656,0
1205,30,278.9,20,1,0.10482897917575772,0
1206,34,-5.099999999999998,10,0,0.10472415019658196,0
1207,27,9.450000000000006,10,0,0.10461942604638538,0
1208,77,10.100000000000009,10,0,0.104514806620339,0
1209,30,278.9,20,1,0.10441029181371866,0
1210,32,48.99999999999997,10,0,0.10430588152190494,0
1211,29,278.94999999999993,20,1,0.10420157564038303,0
1212,24,49.599999999999994,10,0,0.10409737406474265,0
1213,57,69.69999999999993,10,0,0.1039932766906779,0
1214,33,34.14999999999996,10,0,0.10388928341398722,0
1215,30,278.9,20,1,0.10378539413057324,0
1216,26,49.39999999999999,10,0,0.10368160873644267,0
1217,30,278.9,20,1,0.10357792712770622,0
1218,17,49.99999999999999,10,0,0.10347434920057852,0
1219,26,49.39999999999999,10,0,0.10337087485137794,0
1220,29,274.94999999999993,20,1,0.10326750397652656,0
1221,24,64.59999999999998,10,0,0.10316423647255003,0
1222,26,45.39999999999999,10,0,0.10306107223607748,0
1223,26,49.39999999999999,10,0,0.1029580111638414,0
1224,14,64.85,10,0,0.10285505315267755,0
1225,17,49.79999999999999,10,0,0.10275219809952488,0
1226,24,64.79999999999998,10,0,0.10264944590142536,0
1227,24,64.59999999999998,10,0,0.10254679645552393,0
1228,33,274.65,20,1,0.10244424965906841,0
1229,33,49.14999999999996,10,0,0.10234180540940935,0
1230,24,64.59999999999998,10,0,0.10223946360399994,0
1231,34,238.5,20,1,0.10213722414039593,0
1232,17,49.79999999999999,10,0,0.10203508691625553,0
1233,26,49.39999999999999,10,0,0.10193305182933927,0
1234,77,14.100000000000048,10,0,0.10183111877750993,0
1235,30,-4.699999999999996,10,0,0.10172928765873242,0
1236,77,49.30000000000005,10,0,0.10162755837107368,0
1237,25,79.69999999999999,10,0,0.1015259308127026,0
1238,68,73.14999999999988,10,0,0.1014244048818899,0
1239,26,49.39999999999999,10,0,0.10132298047700801,0
1240,39,73.89999999999996,10,0,0.101221657496531,0
1241,56,39.69999999999993,10,0,0.10112043583903448,0
1242,27,9.45,10,0,0.10101931540319545,0
1243,26,49.39999999999999,10,0,0.10091829608779225,0
1244,77,-51.09999999999996,10,0,0.10081737779170445,0
1245,26,49.39999999999999,10,0,0.10071656041391275,0
1246,60,273.59999999999997,20,1,0.10061584385349884,0
1247,77,35.99999999999999,10,0,0.10051522800964534,0
1248,26,49.39999999999999,10,0,0.10041471278163569,0
1249,33,4.850000000000005,10,0,0.10031429806885406,0
1250,26,29.40000000000001,10,0,0.1002139837707852,0
1251,77,25.20000000000003,10,0,0.10011376978701442,0
1252,34,38.85000000000001,20,1,0.1000136560172274,0
1253,47,63.44999999999996,10,0,0.09991364236121018,0
1254,17,49.79999999999999,10,0,0.09981372871884897,0
1255,17,49.79999999999999,10,0,0.09971391499013012,0
1256,26,49.59999999999998,10,0,0.09961420107513999,0
1257,24,64.79999999999998,10,0,0.09951458687406485,0
1258,31,278.84999999999997,20,1,0.09941507228719079,0
1259,17,49.79999999999999,10,0,0.0993156572149036,0
1260,39,58.30000000000002,20,1,0.09921634155768869,0
1261,17,49.79999999999999,10,0,0.099117125216131,0
1262,15,19.749999999999996,10,0,0.09901800809091488,0
1263,27,9.550000000000008,10,0,0.09891899008282397,0
1264,56,-10.099999999999987,10,0,0.09882007109274114,0
1265,30,39.45000000000001,20,1,0.0987212510216484,0
1266,38,293.49999999999994,20,1,0.09862252977062676,0
1267,24,49.599999999999994,10,0,0.09852390724085613,0
1268,59,4.449999999999999,10,0,0.09842538333361528,0
1269,77,8.0,10,0,0.09832695795028167,0
1270,24,64.59999999999998,10,0,0.09822863099233138,0
1271,30,275.09999999999997,20,1,0.09813040236133905,0
1272,35,258.55,20,1,0.09803227195897771,0
1273,72,61.64999999999999,10,0,0.09793423968701873,0
1274,5,0.2,0,0,0.09783630544733171,0
1275,57,-11.050000000000022,10,0,0.09773846914188437,0
1276,28,278.99999999999994,20,1,0.0976407306727425,0
1277,60,58.59999999999994,10,0,0.09754308994206976,0
1278,29,293.94999999999993,20,1,0.09744554685212768,0
1279,29,294.15,20,1,0.09734810130527555,0
1280,29,293.94999999999993,20,1,0.09725075320397027,0
1281,31,278.84999999999997,20,1,0.0971535024507663,0
1282,77,-6.0000000000000036,10,0,0.09705634894831554,0
1283,29,279.04999999999995,20,1,0.09695929259936722,0
1284,28,79.44999999999999,10,0,0.09686233330676786,0
1285,58,54.59999999999995,10,0,0.09676547097346108,0
1286,29,279.04999999999995,20,1,0.09666870550248761,0
1287,30,34.499999999999986,10,0,0.09657203679698513,0
1288,26,49.599999999999994,10,0,0.09647546476018815,0
1289,29,294.15,20,1,0.09637898929542796,0
1290,24,29.599999999999998,10,0,0.09628261030613253,0
1291,31,278.84999999999997,20,1,0.0961863276958264,0
1292,29,279.04999999999995,20,1,0.09609014136813057,0
1293,77,71.99999999999983,10,0,0.09599405122676244,0
1294,24,64.59999999999998,10,0,0.09589805717553568,0
1295,29,279.04999999999995,20,1,0.09580215911836014,0
1296,29,279.04999999999995,20,1,0.09570635695924178,0
1297,29,279.04999999999995,20,1,0.09561065060228253,0
1298,34,78.84999999999997,20,1,0.09551503995168026,0
1299,29,279.04999999999995,20,1,0.09541952491172857,0
1300,31,278.94999999999993,20,1,0.09532410538681685,0
1301,30,278.9,20,1,0.09522878128143003,0
1302,26,49.599999999999994,10,0,0.0951335525001486,0
1303,24,29.599999999999998,10,0,0.09503841894764845,0
1304,55,69.89999999999992,10,0,0.0949433805287008,0
1305,29,279.04999999999995,20,1,0.0948484371481721,0
1306,57,253.55,20,1,0.09475358871102392,0
1307,25,79.69999999999999,10,0,0.09465883512231289,0
1308,46,28.50000000000001,10,0,0.09456417628719058,0
1309,34,278.79999999999995,20,1,0.09446961211090339,0
1310,34,78.94999999999995,10,0,0.09437514249879249,0
1311,29,279.04999999999995,20,1,0.09428076735629369,0
1312,29,279.04999999999995,20,1,0.0941864865889374,0
1313,39,78.29999999999994,20,1,0.09409230010234847,0
1314,29,279.04999999999995,20,1,0.09399820780224612,0
1315,77,21.900000000000052,10,0,0.09390420959444387,0
1316,29,279.04999999999995,20,1,0.09381030538484943,0
1317,56,51.05,10,0,0.09371649507946457,0
1318,29,279.04999999999995,20,1,0.0936227785843851,0
1319,34,294.19999999999993,20,1,0.09352915580580072,0
1320,29,279.04999999999995,20,1,0.09343562664999491,0
1321,30,78.84999999999997,20,1,0.09334219102334491,0
1322,34,78.84999999999995,20,1,0.09324884883232157,0
1323,29,279.04999999999995,20,1,0.09315559998348924,0
1324,29,279.04999999999995,20,1,0.09306244438350575,0
1325,29,279.04999999999995,20,1,0.09296938193912224,0
1326,24,45.59999999999998,10,0,0.09287641255718312,0
1327,56,65.84999999999994,10,0,0.09278353614462594,0
1328,30,278.9,20,1,0.09269075260848131,0
1329,29,279.24999999999994,20,1,0.09259806185587283,0
1330,56,39.85000000000001,10,0,0.09250546379401696,0
1331,31,278.74999999999994,20,1,0.09241295833022294,0
1332,30,294.29999999999995,20,1,0.09232054537189271,0
1333,63,77.59999999999992,20,1,0.09222822482652082,0
1334,30,259.1,20,1,0.0921359966016943,0
1335,24,29.700000000000006,10,0,0.0920438606050926,0
1336,60,62.899999999999935,10,0,0.09195181674448752,0
1337,8,-15.100000000000001,0,0,0.09185986492774303,0
1338,29,279.04999999999995,20,1,0.0917680050628153,0
1339,30,294.19999999999993,20,1,0.09167623705775248,0
1340,56,46.049999999999976,10,0,0.09158456082069473,0
1341,31,278.84999999999997,20,1,0.09149297625987403,0
1342,17,29.799999999999997,10,0,0.09140148328361415,0
1343,29,279.04999999999995,20,1,0.09131008180033054,0
1344,60,62.74999999999999,10,0,0.09121877171853021,0
1345,45,63.4499999999999,10,0,0.09112755294681169,0
1346,56,27.850000000000033,10,0,0.09103642539386488,0
1347,39,58.7,10,0,0.09094538896847101,0
1348,77,63.19999999999989,10,0,0.09085444357950254,0
1349,29,279.04999999999995,20,1,0.09076358913592303,0
1350,47,63.54999999999994,10,0,0.0906728255467871,0
1351,30,278.9,20,1,0.09058215272124032,0
1352,27,44.55,10,0,0.09049157056851907,0
1353,26,49.7,10,0,0.09040107899795055,0
1354,26,49.39999999999998,10,0,0.0903106779189526,0
1355,30,278.9,20,1,0.09022036724103365,0
1356,57,92.89999999999996,10,0,0.09013014687379262,0
1357,58,58.75,10,0,0.09004001672691882,0
1358,29,279.04999999999995,20,1,0.08994997671019189,0
1359,29,279.04999999999995,20,1,0.0898600267334817,0
1360,29,278.94999999999993,20,1,0.08977016670674821,0
1361,77,86.99999999999983,10,0,0.08968039654004147,0
1362,48,63.79999999999998,10,0,0.08959071614350142,0
1363,77,87.69999999999989,10,0,0.08950112542735791,0
1364,56,51.45000000000002,10,0,0.08941162430193056,0
1365,56,50.750000000000014,10,0,0.08932221267762863,0
1366,56,51.35000000000001,10,0,0.089232890464951,0
1367,46,28.49999999999996,10,0,0.08914365757448606,0
1368,31,278.94999999999993,20,1,0.08905451391691158,0
1369,60,39.79999999999998,10,0,0.08896545940299466,0
1370,24,64.59999999999998,10,0,0.08887649394359166,0
1371,38,63.89999999999998,10,0,0.08878761744964807,0
1372,26,45.29999999999998,10,0,0.08869882983219841,0
1373,29,278.94999999999993,20,1,0.08861013100236621,0
1374,29,279.04999999999995,20,1,0.08852152087136385,0
1375,30,278.99999999999994,20,1,0.08843299935049248,0
1376,58,5.600000000000019,10,0,0.08834456635114199,0
1377,29,258.95,20,1,0.08825622178479085,0
1378,68,75.7499999999999,10,0,0.08816796556300606,0
1379,46,63.49999999999996,10,0,0.08807979759744305,0
1380,29,279.04999999999995,20,1,0.08799171779984562,0
1381,26,49.39999999999999,10,0,0.08790372608204577,0
1382,56,31.850000000000037,10,0,0.08781582235596373,0
1383,24,64.59999999999998,10,0,0.08772800653360777,0
1384,27,49.55,10,0,0.08764027852707416,0
1385,56,80.84999999999994,10,0,0.08755263824854709,0
1386,29,279.04999999999995,20,1,0.08746508561029855,0
1387,30,278.9,20,1,0.08737762052468824,0
1388,31,258.85,20,1,0.08729024290416355,0
1389,61,93.19999999999995,10,0,0.0872029526612594,0
1390,56,51.04999999999998,10,0,0.08711574970859813,0
1391,77,-10.899999999999999,10,0,0.08702863395888953,0
1392,33,48.94999999999996,10,0,0.08694160532493064,0
1393,47,28.34999999999992,10,0,0.08685466371960571,0
1394,34,63.69999999999996,10,0,0.0867678090558861,0
1395,29,259.05,20,1,0.08668104124683022,0
1396,30,278.9,20,1,0.08659436020558339,0
1397,31,258.85,20,1,0.08650776584537781,0
1398,76,35.349999999999945,10,0,0.08642125807953244,0
1399,29,279.04999999999995,20,1,0.0863348368214529,0
1400,30,278.9,20,1,0.08624850198463145,0
1401,29,279.04999999999995,20,1,0.08616225348264682,0
1402,27,49.64999999999999,10,0,0.08607609122916417,0
1403,30,278.9,20,1,0.085990015137935,0
1404,31,278.84999999999997,20,1,0.08590402512279706,0
1405,30,278.99999999999994,20,1,0.08581812109767427,0
1406,56,80.94999999999995,10,0,0.0857323029765766,0
1407,61,288.44999999999993,20,1,0.08564657067360001,0
1408,63,84.79999999999997,20,1,0.08556092410292641,0
1409,33,278.74999999999994,20,1,0.08547536317882348,0
1410,56,51.04999999999999,10,0,0.08538988781564466,0
1411,59,3.6000000000000303,10,0,0.08530449792782901,0
1412,26,64.19999999999997,10,0,0.08521919342990118,0
1413,28,278.99999999999994,20,1,0.08513397423647129,0
1414,30,278.9,20,1,0.08504884026223482,0
1415,26,49.39999999999998,10,0,0.08496379142197258,0
1416,31,278.84999999999997,20,1,0.0848788276305506,0
1417,30,278.9,20,1,0.08479394880292006,0
1418,29,274.04999999999995,20,1,0.08470915485411713,0
1419,43,292.94999999999993,20,1,0.08462444569926302,0
1420,47,43.84999999999995,10,0,0.08453982125356375,0
1421,56,25.850000000000026,10,0,0.0844552814323102,0
1422,34,78.94999999999996,10,0,0.08437082615087789,0
1423,66,60.24999999999993,10,0,0.084286455324727,0
1424,28,59.449999999999996,10,0,0.08420216886940228,0
1425,33,79.09999999999995,10,0,0.08411796670053288,0
1426,57,42.89999999999999,10,0,0.08403384873383235,0
1427,60,292.6999999999999,20,1,0.08394981488509852,0
1428,56,35.85000000000001,10,0,0.08386586507021342,0
1429,27,79.79999999999997,10,0,0.0837819992051432,0
1430,76,34.09999999999985,10,0,0.08369821720593806,0
1431,60,57.94999999999995,10,0,0.08361451898873212,0
1432,62,77.84999999999992,10,0,0.08353090446974339,0
1433,56,35.85,10,0,0.08344737356527364,0
1434,63,92.49999999999993,20,1,0.08336392619170836,0
1435,77,20.09999999999995,10,0,0.08328056226551665,0
1436,25,49.75,10,0,0.08319728170325114,0
1437,25,49.849999999999994,10,0,0.08311408442154788,0
1438,68,277.59999999999985,20,1,0.08303097033712634,0
1439,77,61.00000000000001,10,0,0.08294793936678921,0
1440,56,50.75000000000001,10,0,0.08286499142742242,0
1441,63,92.29999999999995,20,1,0.08278212643599499,0
1442,56,15.850000000000001,10,0,0.082699344309559,0
1443,60,292.69999999999993,20,1,0.08261664496524944,0
1444,60,43.69999999999999,10,0,0.08253402832028418,0
1445,60,31.850000000000044,10,0,0.0824514942919639,0
1446,57,269.84999999999997,20,1,0.08236904279767193,0
1447,52,-31.79999999999999,10,0,0.08228667375487426,0
1448,77,17.600000000000005,10,0,0.08220438708111939,0
1449,56,93.54999999999997,20,1,0.08212218269403827,0
1450,55,6.550000000000015,10,0,0.08204006051134423,0
1451,56,43.25000000000002,10,0,0.08195802045083289,0
1452,64,63.599999999999966,10,0,0.08187606243038206,0
1453,57,59.54999999999998,10,0,0.08179418636795167,0
1454,61,73.19999999999995,10,0,0.08171239218158373,0
1455,46,39.999999999999986,10,0,0.08163067978940214,0
1456,62,32.39999999999999,10,0,0.08154904910961273,0
1457,29,279.25,20,1,0.08146750006050311,0
1458,62,28.40000000000001,10,0,0.0813860325604426,0
1459,60,292.5999999999999,20,1,0.08130464652788216,0
1460,65,18.200000000000006,10,0,0.08122334188135429,0
1461,77,29.20000000000002,10,0,0.08114211853947294,0
1462,29,278.84999999999997,20,1,0.08106097642093346,0
1463,77,45.90000000000004,10,0,0.08097991544451252,0
1464,57,21.450000000000014,10,0,0.08089893552906802,0
1465,74,35.15000000000003,10,0,0.08081803659353895,0
1466,60,58.999999999999915,10,0,0.0807372185569454,0
1467,60,277.5999999999999,20,1,0.08065648133838846,0
1468,31,279.04999999999995,20,1,0.08057582485705007,0
1469,39,38.30000000000002,20,1,0.08049524903219302,0
1470,77,18.50000000000003,10,0,0.08041475378316082,0
1471,30,278.9,20,1,0.08033433902937766,0
1472,30,278.9,20,1,0.08025400469034828,0
1473,30,278.9,20,1,0.08017375068565794,0
1474,30,278.9,20,1,0.08009357693497228,0
1475,77,63.99999999999993,10,0,0.0800134833580373,0
1476,60,237.59999999999997,20,1,0.07993346987467927,0
1477,77,-5.89999999999999,10,0,0.07985353640480458,0
1478,77,-37.89999999999996,10,0,0.07977368286839978,0
1479,74,4.500000000000018,10,0,0.07969390918553138,0
1480,55,-18.15,10,0,0.07961421527634584,0
1481,77,48.0,10,0,0.0795346010610695,0
1482,31,49.19999999999998,10,0,0.07945506646000842,0
1483,64,77.44999999999995,20,1,0.07937561139354841,0
1484,64,77.54999999999988,20,1,0.07929623578215486,0
1485,26,49.499999999999986,10,0,0.07921693954637271,0
1486,27,29.549999999999986,10,0,0.07913772260682633,0
1487,64,27.8,10,0,0.0790585848842195,0
1488,61,284.3499999999999,20,1,0.07897952629933529,0
1489,25,49.44999999999999,10,0,0.07890054677303596,0
1490,56,62.049999999999955,10,0,0.07882164622626292,0
1491,60,47.69999999999989,10,0,0.07874282458003666,0
1492,59,277.8499999999999,20,1,0.07866408175545662,0
1493,60,23.69999999999995,10,0,0.07858541767370117,0
1494,61,77.99999999999989,10,0,0.07850683225602746,0
1495,24,49.89999999999998,10,0,0.07842832542377143,0
1496,51,27.949999999999964,10,0,0.07834989709834765,0
1497,59,257.3499999999999,20,1,0.0782715472012493,0
1498,26,49.499999999999986,10,0,0.07819327565404806,0
1499,60,47.69999999999989,10,0,0.07811508237839401,0
1500,64,47.79999999999988,10,0,0.07803696729601561,0
1501,63,77.5999999999999,20,1,0.0779589303287196,0
1502,62,77.44999999999993,20,1,0.07788097139839088,0
1503,60,277.6999999999999,20,1,0.07780309042699249,0
1504,26,49.499999999999986,10,0,0.0777252873365655,0
1505,25,19.549999999999986,10,0,0.07764756204922893,0
1506,26,49.499999999999986,10,0,0.0775699144871797,0
1507,34,78.94999999999995,10,0,0.07749234457269252,0
1508,25,49.44999999999999,10,0,0.07741485222811983,0
1509,27,49.44999999999999,10,0,0.07733743737589172,0
1510,59,277.64999999999986,20,1,0.07726009993851582,0
1511,48,78.74999999999993,10,0,0.07718283983857731,0
1512,34,78.94999999999995,10,0,0.07710565699873873,0
1513,26,49.499999999999986,10,0,0.07702855134173998,0
1514,60,47.69999999999989,10,0,0.07695152279039824,0
1515,58,277.4999999999999,20,1,0.07687457126760784,0
1516,60,47.699999999999875,10,0,0.07679769669634023,0
1517,58,277.49999999999994,20,1,0.07672089899964389,0
1518,60,277.79999999999984,20,1,0.07664417810064425,0
1519,49,48.149999999999906,10,0,0.0765675339225436,0
1520,34,59.049999999999955,10,0,0.07649096638862106,0
1521,57,27.94999999999993,10,0,0.07641447542223244,0
1522,26,9.400000000000002,10,0,0.07633806094681021,0
1523,61,277.7499999999999,20,1,0.0762617228858634,0
1524,33,64.04999999999995,10,0,0.07618546116297753,0
1525,60,278.0999999999999,20,1,0.07610927570181455,0
1526,61,27.44999999999995,10,0,0.07603316642611274,0
1527,61,39.74999999999997,10,0,0.07595713325968663,0
1528,59,277.5499999999999,20,1,0.07588117612642695,0
1529,79,77.29999999999986,20,1,0.07580529495030051,0
1530,35,258.65,20,1,0.07572948965535022,0
1531,58,277.59999999999985,20,1,0.07565376016569486,0
1532,56,66.04999999999993,10,0,0.07557810640552917,0
1533,28,9.3,10,0,0.07550252829912364,0
1534,67,47.749999999999886,10,0,0.07542702577082452,0
1535,34,79.04999999999995,10,0,0.0753515987450537,0
1536,58,47.79999999999991,10,0,0.07527624714630865,0
1537,45,8.549999999999944,10,0,0.07520097089916235,0
1538,51,58.30000000000001,10,0,0.07512576992826318,0
1539,29,279.04999999999995,20,1,0.07505064415833491,0
1540,62,27.599999999999998,10,0,0.07497559351417658,0
1541,62,25.35000000000001,10,0,0.07490061792066241,0
1542,29,278.94999999999993,20,1,0.07482571730274175,0
1543,33,278.94999999999993,20,1,0.074750891585439,0
1544,56,65.84999999999994,10,0,0.07467614069385356,0
1545,34,258.7,20,1,0.0746014645531597,0
1546,33,278.74999999999994,20,1,0.07452686308860655,0
1547,57,65.69999999999993,10,0,0.07445233622551795,0
1548,34,278.99999999999994,20,1,0.07437788388929242,0
1549,31,279.04999999999995,20,1,0.07430350600540313,0
1550,29,279.04999999999995,20,1,0.07422920249939773,0
1551,30,278.9,20,1,0.07415497329689832,0
1552,30,278.9,20,1,0.07408081832360143,0
1553,30,278.9,20,1,0.07400673750527782,0
1554,57,77.59999999999987,20,1,0.07393273076777254,0
1555,28,293.99999999999994,20,1,0.07385879803700476,0
1556,29,279.15,20,1,0.07378493923896776,0
1557,30,278.9,20,1,0.07371115429972878,0
1558,71,40.599999999999966,10,0,0.07363744314542905,0
1559,30,278.9,20,1,0.07356380570228363,0
1560,30,278.9,20,1,0.07349024189658135,0
1561,30,278.9,20,1,0.07341675165468477,0
1562,30,278.9,20,1,0.07334333490303008,0
1563,59,15.699999999999987,10,0,0.07326999156812705,0
1564,8,-15.100000000000001,0,0,0.07319672157655892,0
1565,26,49.39999999999998,10,0,0.07312352485498236,0
1566,27,79.49999999999997,20,1,0.07305040133012737,0
1567,30,258.9,20,1,0.07297735092879724,0
1568,30,278.9,20,1,0.07290437357786844,0
1569,46,278.0999999999999,20,1,0.07283146920429058,0
1570,47,48.349999999999895,10,0,0.07275863773508628,0
1571,30,278.9,20,1,0.07268587909735119,0
1572,45,48.34999999999992,10,0,0.07261319321825384,0
1573,30,278.99999999999994,20,1,0.07254058002503558,0
1574,52,48.09999999999991,10,0,0.07246803944501054,0
1575,29,279.15,20,1,0.07239557140556553,0
1576,48,48.29999999999998,10,0,0.07232317583415997,0
1577,56,7.849999999999985,10,0,0.0722508526583258,0
1578,47,44.45,10,0,0.07217860180566747,0
1579,58,257.6,20,1,0.0721064232038618,0
1580,48,8.400000000000002,10,0,0.07203431678065794,0
1581,55,7.850000000000005,10,0,0.07196228246387729,0
1582,29,219.15,20,1,0.0718903201814134,0
1583,35,278.65,20,1,0.07181842986123199,0
1584,30,278.9,20,1,0.07174661143137076,0
1585,27,49.54999999999998,10,0,0.07167486481993939,0
1586,30,278.9,20,1,0.07160318995511944,0
1587,30,278.9,20,1,0.07153158676516432,0
1588,30,278.9,20,1,0.07146005517839915,0
1589,29,258.95,20,1,0.07138859512322075,0
1590,33,278.74999999999994,20,1,0.07131720652809753,0
1591,30,278.9,20,1,0.07124588932156943,0
1592,30,278.9,20,1,0.07117464343224786,0
1593,29,279.15,20,1,0.07110346878881561,0
1594,28,279.19999999999993,20,1,0.0710323653200268,0
1595,30,279.09999999999997,20,1,0.07096133295470677,0
1596,27,279.34999999999997,20,1,0.07089037162175206,0
1597,28,279.29999999999995,20,1,0.07081948125013031,0
1598,52,28.00000000000001,10,0,0.07074866176888017,0
1599,77,10.09999999999999,10,0,0.07067791310711129,0
1600,29,278.94999999999993,20,1,0.07060723519400418,0
1601,47,28.350000000000012,10,0,0.07053662795881017,0
1602,30,278.99999999999994,20,1,0.07046609133085137,0
1603,29,278.94999999999993,20,1,0.07039562523952052,0
1604,35,278.8499999999999,20,1,0.070325229614281,0
1605,28,259.0,20,1,0.07025490438466672,0
1606,26,49.8,10,0,0.07018464948028205,0
1607,62,27.8,10,0,0.07011446483080178,0
1608,47,48.44999999999999,10,0,0.07004435036597098,0
1609,47,8.45000000000002,10,0,0.069974306015605,0
1610,45,278.44999999999993,20,1,0.0699043317095894,0
1611,30,253.89999999999998,20,1,0.06983442737787982,0
1612,26,29.3,10,0,0.06976459295050194,0
1613,30,258.9,20,1,0.06969482835755143,0
1614,57,253.85000000000002,20,1,0.06962513352919387,0
1615,27,59.5,20,1,0.06955550839566468,0
1616,39,278.54999999999995,20,1,0.06948595288726903,0
1617,47,48.44999999999999,10,0,0.06941646693438176,0
1618,29,238.95,20,1,0.06934705046744738,0
1619,30,45.400000000000006,10,0,0.06927770341697993,0
1620,56,61.849999999999994,10,0,0.06920842571356295,0
1621,47,48.349999999999994,10,0,0.06913921728784939,0
1622,47,48.44999999999999,10,0,0.06907007807056154,0
1623,46,48.499999999999986,10,0,0.06900100799249097,0
1624,56,29.850000000000023,10,0,0.06893200698449847,0
1625,60,257.7,20,1,0.06886307497751397,0
1626,61,27.849999999999934,10,0,0.06879421190253646,0
1627,36,218.6,20,1,0.06872541769063392,0
1628,31,49.14999999999996,10,0,0.06865669227294328,0
1629,58,257.5,20,1,0.06858803558067034,0
1630,58,257.5,20,1,0.06851944754508967,0
1631,60,47.69999999999989,10,0,0.06845092809754458,0
1632,58,257.5,20,1,0.06838247716944704,0
1633,67,277.14999999999986,20,1,0.06831409469227759,0
1634,34,78.94999999999995,10,0,0.0682457805975853,0
1635,59,277.8499999999999,20,1,0.06817753481698773,0
1636,34,78.94999999999995,10,0,0.06810935728217074,0
1637,63,77.79999999999988,10,0,0.06804124792488857,0
1638,58,277.4999999999999,20,1,0.06797320667696367,0
1639,58,277.4999999999999,20,1,0.06790523347028671,0
1640,57,257.6499999999999,20,1,0.06783732823681642,0
1641,58,277.5999999999999,20,1,0.0677694909085796,0
1642,60,47.79999999999988,10,0,0.06770172141767103,0
1643,58,57.64999999999996,10,0,0.06763401969625336,0
1644,56,77.7499999999999,20,1,0.06756638567655711,0
1645,55,47.94999999999989,10,0,0.06749881929088056,0
1646,63,77.79999999999988,10,0,0.06743132047158967,0
1647,60,7.699999999999992,10,0,0.06736388915111809,0
1648,34,79.04999999999995,10,0,0.06729652526196697,0
1649,58,265.49999999999994,20,1,0.067229228736705,0
1650,34,93.94999999999995,10,0,0.0671619995079683,0
1651,77,40.00000000000006,10,0,0.06709483750846033,0
1652,46,44.499999999999986,10,0,0.06702774267095188,0
1653,34,48.799999999999955,10,0,0.06696071492828093,0
1654,31,234.75,20,1,0.06689375421335265,0
1655,65,69.09999999999992,10,0,0.0668268604591393,0
1656,52,47.89999999999989,10,0,0.06676003359868016,0
1657,100,256.0,20,1,0.06669327356508148,0
1658,34,48.799999999999955,10,0,0.0666265802915164,0
1659,56,-4.1499999999999915,10,0,0.06655995371122488,0
1660,57,77.59999999999987,20,1,0.06649339375751365,0
1661,30,278.9,20,1,0.06642690036375613,0
1662,30,278.9,20,1,0.06636047346339238,0
1663,29,278.94999999999993,20,1,0.06629411298992899,0
1664,29,278.84999999999997,20,1,0.06622781887693906,0
1665,30,278.99999999999994,20,1,0.06616159105806212,0
1666,30,278.9,20,1,0.06609542946700406,0
1667,29,278.94999999999993,20,1,0.06602933403753705,0
1668,28,278.9,20,1,0.06596330470349951,0
1669,30,278.9,20,1,0.06589734139879601,0
1670,28,278.99999999999994,20,1,0.06583144405739721,0
1671,52,48.1999999999999,10,0,0.06576561261333982,0
1672,30,278.9,20,1,0.06569984700072648,0
1673,56,45.84999999999995,10,0,0.06563414715372576,0
1674,56,65.84999999999994,10,0,0.06556851300657203,0
1675,62,45.349999999999916,10,0,0.06550294449356546,0
1676,30,258.90000000000003,20,1,0.0654374415490719,0
1677,39,278.44999999999993,20,1,0.06537200410752282,0
1678,62,77.64999999999988,10,0,0.0653066321034153,0
1679,30,278.9,20,1,0.06524132547131188,0
1680,31,278.84999999999997,20,1,0.06517608414584057,0
1681,28,279.19999999999993,20,1,0.06511090806169473,0
1682,29,278.94999999999993,20,1,0.06504579715363304,0
1683,26,49.39999999999999,10,0,0.0649807513564794,0
1684,46,40.400000000000006,10,0,0.06491577060512292,0
1685,30,278.9,20,1,0.0648508548345178,0
1686,29,278.94999999999993,20,1,0.06478600397968329,0
1687,32,78.94999999999996,20,1,0.0647212179757036,0
1688,26,49.599999999999994,10,0,0.0646564967577279,0
1689,30,278.9,20,1,0.06459184026097017,0
1690,46,40.39999999999999,10,0,0.0645272484207092,0
1691,30,278.99999999999994,20,1,0.06446272117228849,0
1692,30,279.09999999999997,20,1,0.0643982584511162,0
1693,57,27.65000000000001,10,0,0.06433386019266508,0
1694,30,278.9,20,1,0.06426952633247242,0
1695,29,278.94999999999993,20,1,0.06420525680613995,0
1696,30,278.9,20,1,0.0641410515493338,0
1697,52,28.00000000000001,10,0,0.06407691049778447,0
1698,27,279.34999999999997,20,1,0.06401283358728668,0
1699,30,49.199999999999974,10,0,0.0639488207536994,0
1700,33,278.74999999999994,20,1,0.0638848719329457,0
1701,30,278.9,20,1,0.06382098706101276,0
1702,29,294.1499999999999,20,1,0.06375716607395175,0
1703,30,278.99999999999994,20,1,0.0636934089078778,0
1704,29,278.94999999999993,20,1,0.06362971549896991,0
1705,56,15.849999999999994,10,0,0.06356608578347094,0
1706,30,278.79999999999995,20,1,0.06350251969768747,0
1707,26,49.39999999999998,10,0,0.06343901717798979,0
1708,28,278.9,20,1,0.0633755781608118,0
1709,26,49.39999999999998,10,0,0.06331220258265098,0
1710,30,278.9,20,1,0.06324889038006833,0
1711,30,279.09999999999997,20,1,0.06318564148968826,0
1712,48,20.3,10,0,0.06312245584819857,0
1713,52,39.999999999999986,10,0,0.06305933339235037,0
1714,30,278.9,20,1,0.06299627405895802,0
1715,39,49.09999999999998,10,0,0.06293327778489907,0
1716,30,293.8999999999999,20,1,0.06287034450711418,0
1717,30,278.9,20,1,0.06280747416260707,0
1718,32,278.79999999999995,20,1,0.06274466668844446,0
1719,30,278.9,20,1,0.06268192202175601,0
1720,26,29.40000000000001,10,0,0.06261924009973426,0
1721,25,49.54999999999998,10,0,0.06255662085963452,0
1722,29,278.94999999999993,20,1,0.06249406423877489,0
1723,30,278.9,20,1,0.06243157017453611,0
1724,29,279.24999999999994,20,1,0.06236913860436158,0
1725,56,65.84999999999994,10,0,0.062306769465757215,0
1726,28,259.0,20,1,0.062244462696291455,0
1727,29,278.94999999999993,20,1,0.06218221823359516,0
1728,28,278.99999999999994,20,1,0.06212003601536157,0
1729,26,49.39999999999998,10,0,0.062057915979346207,0
1730,30,278.9,20,1,0.06199585806336686,0
1731,30,278.99999999999994,20,1,0.061933862205303496,0
1732,28,278.99999999999994,20,1,0.061871928343098195,0
1733,46,36.400000000000006,10,0,0.0618100564147551,0
1734,52,39.999999999999986,10,0,0.06174824635834034,0
1735,24,49.39999999999998,10,0,0.061686498111982,0
1736,30,278.9,20,1,0.06162481161387002,0
1737,30,278.9,20,1,0.06156318680225615,0
1738,46,278.1999999999999,20,1,0.061501623615453895,0
1739,30,278.9,20,1,0.06144012199183844,0
1740,30,258.9,20,1,0.0613786818698466,0
1741,30,258.9,20,1,0.061317303187976756,0
1742,27,279.34999999999997,20,1,0.061255985884788776,0
1743,30,278.9,20,1,0.06119472989890399,0
1744,30,278.9,20,1,0.061133535169005083,0
1745,29,278.94999999999993,20,1,0.06107240163383608,0
1746,28,279.09999999999997,20,1,0.06101132923220224,0
1747,56,65.84999999999994,10,0,0.060950317902970036,0
1748,30,278.9,20,1,0.060889367585067064,0
1749,30,278.9,20,1,0.060828478217481996,0
1750,39,278.44999999999993,20,1,0.06076764973926451,0
1751,30,278.9,20,1,0.060706882089525245,0
1752,28,278.99999999999994,20,1,0.06064617520743572,0
1753,52,39.999999999999986,10,0,0.06058552903222828,0
1754,28,239.1,20,1,0.06052494350319605,0
1755,29,278.94999999999993,20,1,0.060464418559692854,0
1756,30,293.8999999999999,20,1,0.06040395414113316,0
1757,29,278.94999999999993,20,1,0.06034355018699203,0
1758,29,279.04999999999995,20,1,0.06028320663680504,0
1759,30,278.9,20,1,0.06022292343016823,0
1760,26,49.39999999999998,10,0,0.06016270050673806,0
1761,29,278.94999999999993,20,1,0.06010253780623132,0
1762,32,278.79999999999995,20,1,0.06004243526842509,0
1763,29,278.94999999999993,20,1,0.06,0
1764,28,278.99999999999994,20,1,0.06,0
1765,33,278.74999999999994,20,1,0.06,0
1766,39,278.54999999999995,20,1,0.06,0
1767,28,79.44999999999997,10,0,0.06,0
1768,29,278.84999999999997,20,1,0.06,0
1769,49,48.24999999999994,10,0,0.06,0
1770,71,-31.549999999999983,10,0,0.06,0
1771,56,27.850000000000023,10,0,0.06,0
1772,52,47.99999999999996,10,0,0.06,0
1773,28,278.99999999999994,20,1,0.06,0
1774,59,277.74999999999994,20,1,0.06,0
1775,29,278.94999999999993,20,1,0.06,0
1776,47,39.25,10,0,0.06,0
1777,27,49.54999999999998,10,0,0.06,0
1778,56,15.850000000000009,10,0,0.06,0
1779,56,6.0000000000000036,10,0,0.06,0
1780,24,9.500000000000004,10,0,0.06,0
1781,61,-4.649999999999984,10,0,0.06,0
1782,30,259.0,20,1,0.06,0
1783,28,238.9,20,1,0.06,0
1784,52,48.19999999999996,10,0,0.06,0
1785,30,278.9,20,1,0.06,0
1786,26,49.39999999999998,10,0,0.06,0
1787,52,8.000000000000004,10,0,0.06,0
1788,29,259.15,20,1,0.06,0
1789,30,278.9,20,1,0.06,0
1790,30,278.9,20,1,0.06,0
1791,25,49.44999999999999,10,0,0.06,0
1792,39,278.44999999999993,20,1,0.06,0
1793,30,278.9,20,1,0.06,0
1794,31,279.04999999999995,20,1,0.06,0
1795,28,259.0,20,1,0.06,0
1796,30,279.29999999999995,20,1,0.06,0
1797,24,9.500000000000004,10,0,0.06,0
1798,24,9.500000000000004,10,0,0.06,0
1799,25,29.45,10,0,0.06,0
1800,24,9.500000000000004,10,0,0.06,0
1801,30,258.8,20,1,0.06,0
1802,30,38.95000000000001,20,1,0.06,0
1803,29,278.94999999999993,20,1,0.06,0
1804,28,278.99999999999994,20,1,0.06,0
1805,35,278.65,20,1,0.06,0
1806,29,278.94999999999993,20,1,0.06,0
1807,23,49.74999999999997,10,0,0.06,0
1808,29,278.94999999999993,20,1,0.06,0
1809,56,36.250000000000014,10,0,0.06,0
1810,30,279.09999999999997,20,1,0.06,0
1811,28,279.09999999999997,20,1,0.06,0
1812,61,237.35,20,1,0.06,0
1813,30,278.9,20,1,0.06,0
1814,77,10.099999999999994,10,0,0.06,0
1815,56,-3.950000000000002,10,0,0.06,0
1816,30,278.9,20,1,0.06,0
1817,29,279.15,20,1,0.06,0
1818,24,9.599999999999998,10,0,0.06,0
1819,30,278.9,20,1,0.06,0
1820,27,49.749999999999986,10,0,0.06,0
1821,56,15.850000000000001,10,0,0.06,0
1822,26,49.39999999999999,10,0,0.06,0
1823,59,45.799999999999926,10,0,0.06,0
1824,30,278.9,20,1,0.06,0
1825,30,278.9,20,1,0.06,0
1826,35,278.65,20,1,0.06,0
1827,29,278.94999999999993,20,1,0.06,0
1828,30,278.9,20,1,0.06,0
1829,25,49.44999999999999,10,0,0.06,0
1830,29,279.15,20,1,0.06,0
1831,46,278.2999999999999,20,1,0.06,0
1832,30,278.9,20,1,0.06,0
1833,31,278.84999999999997,20,1,0.06,0
1834,25,49.54999999999998,10,0,0.06,0
1835,30,278.9,20,1,0.06,0
1836,30,278.9,20,1,0.06,0
1837,30,278.9,20,1,0.06,0
1838,56,25.85000000000001,10,0,0.06,0
1839,31,278.95,20,1,0.06,0
1840,55,31.900000000000027,10,0,0.06,0
1841,52,47.99999999999996,10,0,0.06,0
1842,63,-42.85000000000001,10,0,0.06,0
1843,30,278.9,20,1,0.06,0
1844,30,279.09999999999997,20,1,0.06,0
1845,30,278.9,20,1,0.06,0
1846,30,278.99999999999994,20,1,0.06,0
1847,29,279.15,20,1,0.06,0
1848,30,278.9,20,1,0.06,0
1849,30,278.9,20,1,0.06,0
1850,30,278.9,20,1,0.06,0
1851,28,279.19999999999993,20,1,0.06,0
1852,31,279.04999999999995,20,1,0.06,0
1853,30,278.9,20,1,0.06,0
1854,28,259.0,20,1,0.06,0
1855,30,278.9,20,1,0.06,0
1856,28,278.99999999999994,20,1,0.06,0
1857,30,278.9,20,1,0.06,0
1858,29,278.94999999999993,20,1,0.06,0
1859,77,48.10000000000003,10,0,0.06,0
1860,28,79.44999999999997,10,0,0.06,0
1861,30,278.9,20,1,0.06,0
1862,30,278.9,20,1,0.06,0
1863,30,278.9,20,1,0.06,0
1864,48,48.29999999999998,10,0,0.06,0
1865,30,293.8999999999999,20,1,0.06,0
1866,29,238.95,20,1,0.06,0
1867,30,278.9,20,1,0.06,0
1868,30,278.9,20,1,0.06,0
1869,30,258.9,20,1,0.06,0
1870,29,278.94999999999993,20,1,0.06,0
1871,44,278.19999999999993,20,1,0.06,0
1872,30,278.9,20,1,0.06,0
1873,30,258.9,20,1,0.06,0
1874,30,278.9,20,1,0.06,0
1875,30,278.9,20,1,0.06,0
1876,30,278.9,20,1,0.06,0
1877,27,279.15,20,1,0.06,0
1878,30,278.9,20,1,0.06,0
1879,29,278.94999999999993,20,1,0.06,0
1880,39,278.44999999999993,20,1,0.06,0
1881,28,278.9,20,1,0.06,0
1882,30,278.9,20,1,0.06,0
1883,29,278.94999999999993,20,1,0.06,0
1884,29,278.94999999999993,20,1,0.06,0
1885,30,278.9,20,1,0.06,0
1886,29,279.15,20,1,0.06,0
1887,46,36.400000000000006,10,0,0.06,0
1888,30,278.9,20,1,0.06,0
1889,30,279.19999999999993,20,1,0.06,0
1890,29,278.94999999999993,20,1,0.06,0
1891,30,278.99999999999994,20,1,0.06,0
1892,29,278.94999999999993,20,1,0.06,0
1893,29,279.04999999999995,20,1,0.06,0
1894,28,259.0,20,1,0.06,0
1895,30,279.09999999999997,20,1,0.06,0
1896,49,28.24999999999999,10,0,0.06,0
1897,30,278.9,20,1,0.06,0
1898,59,277.84999999999985,20,1,0.06,0
1899,28,278.99999999999994,20,1,0.06,0
1900,60,269.5999999999999,20,1,0.06,0
1901,56,27.850000000000033,10,0,0.06,0
1902,30,278.9,20,1,0.06,0
1903,28,279.09999999999997,20,1,0.06,0
1904,29,259.05,20,1,0.06,0
1905,26,29.399999999999995,10,0,0.06,0
1906,52,8.00000000000001,10,0,0.06,0
1907,28,239.0,20,1,0.06,0
1908,29,278.94999999999993,20,1,0.06,0
1909,30,279.09999999999997,20,1,0.06,0
1910,30,278.9,20,1,0.06,0
1911,29,279.15,20,1,0.06,0
1912,33,278.74999999999994,20,1,0.06,0
1913,26,49.39999999999999,10,0,0.06,0
1914,25,49.34999999999998,10,0,0.06,0
1915,32,78.94999999999996,20,1,0.06,0
1916,57,19.649999999999988,10,0,0.06,0
1917,30,278.9,20,1,0.06,0
1918,30,258.9,20,1,0.06,0
1919,30,278.9,20,1,0.06,0
1920,29,279.15,20,1,0.06,0
1921,28,278.99999999999994,20,1,0.06,0
1922,26,49.39999999999998,10,0,0.06,0
1923,30,278.9,20,1,0.06,0
1924,35,278.6499999999999,20,1,0.06,0
1925,57,69.69999999999992,10,0,0.06,0
1926,52,40.19999999999999,10,0,0.06,0
1927,29,278.94999999999993,20,1,0.06,0
1928,30,278.9,20,1,0.06,0
1929,30,279.09999999999997,20,1,0.06,0
1930,30,278.9,20,1,0.06,0
1931,28,278.99999999999994,20,1,0.06,0
1932,28,278.99999999999994,20,1,0.06,0
1933,30,278.9,20,1,0.06,0
1934,28,259.0,20,1,0.06,0
1935,24,49.89999999999999,10,0,0.06,0
1936,39,293.44999999999993,20,1,0.06,0
1937,30,259.1,20,1,0.06,0
1938,30,278.9,20,1,0.06,0
1939,30,278.9,20,1,0.06,0
1940,28,279.19999999999993,20,1,0.06,0
1941,52,27.900000000000002,10,0,0.06,0
1942,30,278.9,20,1,0.06,0
1943,30,278.9,20,1,0.06,0
1944,77,63.999999999999886,10,0,0.06,0
1945,30,258.9,20,1,0.06,0
1946,26,49.39999999999998,10,0,0.06,0
1947,29,278.94999999999993,20,1,0.06,0
1948,29,278.94999999999993,20,1,0.06,0
1949,30,278.99999999999994,20,1,0.06,0
1950,41,258.35,20,1,0.06,0
1951,30,278.9,20,1,0.06,0
1952,28,49.29999999999998,10,0,0.06,0
1953,30,279.09999999999997,20,1,0.06,0
1954,30,278.9,20,1,0.06,0
1955,30,278.9,20,1,0.06,0
1956,30,278.9,20,1,0.06,0
1957,77,64.19999999999986,10,0,0.06,0
1958,29,258.95,20,1,0.06,0
1959,52,35.999999999999986,10,0,0.06,0
1960,30,278.9,20,1,0.06,0
1961,30,278.9,20,1,0.06,0
1962,28,259.1,20,1,0.06,0
1963,42,278.0999999999999,20,1,0.06,0
1964,29,278.94999999999993,20,1,0.06,0
1965,29,278.94999999999993,20,1,0.06,0
1966,30,278.9,20,1,0.06,0
1967,28,239.1,20,1,0.06,0
1968,30,279.09999999999997,20,1,0.06,0
1969,30,278.9,20,1,0.06,0
1970,56,45.850000000000016,10,0,0.06,0
1971,29,279.15,20,1,0.06,0
1972,29,278.94999999999993,20,1,0.06,0
1973,30,278.9,20,1,0.06,0
1974,26,49.5,10,0,0.06,0
1975,30,278.9,20,1,0.06,0
1976,30,278.9,20,1,0.06,0
1977,25,79.69999999999999,10,0,0.06,0
1978,29,278.94999999999993,20,1,0.06,0
1979,24,49.89999999999999,10,0,0.06,0
1980,31,278.84999999999997,20,1,0.06,0
1981,28,278.99999999999994,20,1,0.06,0
1982,30,278.9,20,1,0.06,0
1983,30,278.9,20,1,0.06,0
1984,30,278.9,20,1,0.06,0
1985,42,278.5,20,1,0.06,0
1986,30,278.99999999999994,20,1,0.06,0
1987,30,278.9,20,1,0.06,0
1988,26,-10.5,10,0,0.06,0
1989,56,45.85000000000001,10,0,0.06,0
1990,58,265.59999999999997,20,1,0.06,0
1991,30,278.9,20,1,0.06,0
1992,30,278.9,20,1,0.06,0
1993,59,69.49999999999994,20,1,0.06,0
1994,30,278.9,20,1,0.06,0
1995,28,278.99999999999994,20,1,0.06,0
1996,56,-10.200000000000003,10,0,0.06,0
1997,56,65.84999999999994,10,0,0.06,0
1998,35,278.65,20,1,0.06,0
1999,56,35.85000000000001,10,0,0.06,0
2000,29,278.94999999999993,20,1,0.06,0
